date_hq,demande_mw,occurrence,collecte_utc
2026-09-21T00:00:00,15420,1,2026-09-23T01:17:10Z
2026-09-21T00:15:00,15278,1,2026-09-23T01:17:10Z
2026-09-21T00:30:00,15222,1,2026-09-23T01:17:10Z
2026-09-21T00:45:00,14940,1,2026-09-23T01:17:10Z
2026-09-21T01:00:00,14922,1,2026-09-23T01:17:10Z
2026-09-21T01:15:00,15028,1,2026-09-23T01:17:10Z
2026-09-21T01:30:00,15086,1,2026-09-23T01:17:10Z
2026-09-21T01:45:00,14895,1,2026-09-23T01:17:10Z
2026-09-21T02:00:00,15001,1,2026-09-23T01:17:10Z
2026-09-21T02:15:00,14896,1,2026-09-23T01:17:10Z
2026-09-21T02:30:00,15063,1,2026-09-23T01:17:10Z
2026-09-21T02:45:00,14836,1,2026-09-23T01:17:10Z
2026-09-21T03:00:00,14897,1,2026-09-23T01:17:10Z
2026-09-21T03:15:00,14793,1,2026-09-23T01:17:10Z
2026-09-21T03:30:00,14811,1,2026-09-23T01:17:10Z
2026-09-21T03:45:00,14947,1,2026-09-23T01:17:10Z
2026-09-21T04:00:00,14970,1,2026-09-23T01:17:10Z
2026-09-21T04:15:00,15072,1,2026-09-23T01:17:10Z
2026-09-21T04:30:00,15026,1,2026-09-23T01:17:10Z
2026-09-21T04:45:00,15169,1,2026-09-23T01:17:10Z
2026-09-21T05:00:00,15369,1,2026-09-23T01:17:10Z
2026-09-21T05:15:00,15648,1,2026-09-23T01:17:10Z
2026-09-21T05:30:00,15890,1,2026-09-23T01:17:10Z
2026-09-21T05:45:00,15888,1,2026-09-23T01:17:10Z
2026-09-21T06:00:00,16374,1,2026-09-23T01:17:10Z
2026-09-21T06:15:00,17200,1,2026-09-23T01:17:10Z
2026-09-21T06:30:00,17640,1,2026-09-23T01:17:10Z
2026-09-21T06:45:00,17963,1,2026-09-23T01:17:10Z
2026-09-21T07:00:00,18266,1,2026-09-23T01:17:10Z
2026-09-21T07:15:00,18676,1,2026-09-23T01:17:10Z
2026-09-21T07:30:00,18648,1,2026-09-23T01:17:10Z
2026-09-21T07:45:00,18700,1,2026-09-23T01:17:10Z
2026-09-21T08:00:00,18855,1,2026-09-23T01:17:10Z
2026-09-21T08:15:00,18837,1,2026-09-23T01:17:10Z
2026-09-21T08:30:00,19125,1,2026-09-23T01:17:10Z
2026-09-21T08:45:00,19076,1,2026-09-23T01:17:10Z
2026-09-21T09:00:00,18748,1,2026-09-23T01:17:10Z
2026-09-21T09:15:00,18816,1,2026-09-23T01:17:10Z
2026-09-21T09:30:00,18651,1,2026-09-23T01:17:10Z
2026-09-21T09:45:00,18548,1,2026-09-23T01:17:10Z
2026-09-21T10:00:00,18709,1,2026-09-23T01:17:10Z
2026-09-21T10:15:00,18650,1,2026-09-23T01:17:10Z
2026-09-21T10:30:00,18857,1,2026-09-23T01:17:10Z
2026-09-21T10:45:00,18897,1,2026-09-23T01:17:10Z
2026-09-21T11:00:00,18923,1,2026-09-23T01:17:10Z
2026-09-21T11:15:00,18659,1,2026-09-23T01:17:10Z
2026-09-21T11:30:00,18771,1,2026-09-23T01:17:10Z
2026-09-21T11:45:00,18837,1,2026-09-23T01:17:10Z
2026-09-21T12:00:00,18693,1,2026-09-23T01:17:10Z
2026-09-21T12:15:00,18467,1,2026-09-23T01:17:10Z
2026-09-21T12:30:00,18465,1,2026-09-23T01:17:10Z
2026-09-21T12:45:00,18611,1,2026-09-23T01:17:10Z
2026-09-21T13:00:00,18681,1,2026-09-23T01:17:10Z
2026-09-21T13:15:00,18646,1,2026-09-23T01:17:10Z
2026-09-21T13:30:00,18571,1,2026-09-23T01:17:10Z
2026-09-21T13:45:00,18557,1,2026-09-23T01:17:10Z
2026-09-21T14:00:00,18292,1,2026-09-23T01:17:10Z
2026-09-21T14:15:00,18363,1,2026-09-23T01:17:10Z
2026-09-21T14:30:00,18329,1,2026-09-23T01:17:10Z
2026-09-21T14:45:00,18268,1,2026-09-23T01:17:10Z
2026-09-21T15:00:00,17931,1,2026-09-23T01:17:10Z
2026-09-21T15:15:00,18188,1,2026-09-23T01:17:10Z
2026-09-21T15:30:00,18279,1,2026-09-23T01:17:10Z
2026-09-21T15:45:00,18346,1,2026-09-23T01:17:10Z
2026-09-21T16:00:00,18375,1,2026-09-23T01:17:10Z
2026-09-21T16:15:00,18350,1,2026-09-23T01:17:10Z
2026-09-21T16:30:00,18698,1,2026-09-23T01:17:10Z
2026-09-21T16:45:00,18744,1,2026-09-23T01:17:10Z
2026-09-21T17:00:00,19064,1,2026-09-23T01:17:10Z
2026-09-21T17:15:00,19089,1,2026-09-23T01:17:10Z
2026-09-21T17:30:00,19446,1,2026-09-23T01:17:10Z
2026-09-21T17:45:00,19526,1,2026-09-23T01:17:10Z
2026-09-21T18:00:00,19761,1,2026-09-23T01:17:10Z
2026-09-21T18:15:00,19439,1,2026-09-23T01:17:10Z
2026-09-21T18:30:00,19616,1,2026-09-23T01:17:10Z
2026-09-21T18:45:00,19924,1,2026-09-23T01:17:10Z
2026-09-21T19:00:00,19920,1,2026-09-23T01:17:10Z
2026-09-21T19:15:00,19764,1,2026-09-23T01:17:10Z
2026-09-21T19:30:00,19655,1,2026-09-23T01:17:10Z
2026-09-21T19:45:00,19805,1,2026-09-23T01:17:10Z
2026-09-21T20:00:00,19698,1,2026-09-23T01:17:10Z
2026-09-21T20:15:00,19543,1,2026-09-23T01:17:10Z
2026-09-21T20:30:00,19290,1,2026-09-23T01:17:10Z
2026-09-21T20:45:00,18923,1,2026-09-23T01:17:10Z
2026-09-21T21:00:00,18693,1,2026-09-23T01:17:10Z
2026-09-21T21:15:00,18545,1,2026-09-23T01:17:10Z
2026-09-21T21:30:00,18216,1,2026-09-23T01:17:10Z
2026-09-21T21:45:00,17966,1,2026-09-23T01:17:10Z
2026-09-21T22:00:00,17694,1,2026-09-23T01:17:10Z
2026-09-21T22:15:00,17410,1,2026-09-23T01:17:10Z
2026-09-21T22:30:00,17340,1,2026-09-23T01:17:10Z
2026-09-21T22:45:00,16993,1,2026-09-23T01:17:10Z
2026-09-21T23:00:00,16879,1,2026-09-23T01:17:10Z
2026-09-21T23:15:00,16581,1,2026-09-23T01:17:10Z
2026-09-21T23:30:00,16248,1,2026-09-23T01:17:10Z
2026-09-21T23:45:00,16038,1,2026-09-23T01:17:10Z
2026-09-22T00:00:00,15831,1,2026-09-23T21:35:24Z
2026-09-22T00:15:00,15856,1,2026-09-23T21:35:24Z
2026-09-22T00:30:00,15834,1,2026-09-23T21:35:24Z
2026-09-22T00:45:00,15644,1,2026-09-23T21:35:24Z
2026-09-22T01:00:00,15642,1,2026-09-23T21:35:24Z
2026-09-22T01:15:00,15521,1,2026-09-23T21:35:24Z
2026-09-22T01:30:00,15477,1,2026-09-23T21:35:24Z
2026-09-22T01:45:00,15456,1,2026-09-23T21:35:24Z
2026-09-22T02:00:00,15388,1,2026-09-23T21:35:24Z
2026-09-22T02:15:00,15236,1,2026-09-23T21:35:24Z
2026-09-22T02:30:00,15263,1,2026-09-23T21:35:24Z
2026-09-22T02:45:00,15265,1,2026-09-23T21:35:24Z
2026-09-22T03:00:00,15035,1,2026-09-23T21:35:24Z
2026-09-22T03:15:00,15337,1,2026-09-23T21:35:24Z
2026-09-22T03:30:00,15420,1,2026-09-23T21:35:24Z
2026-09-22T03:45:00,15421,1,2026-09-23T21:35:24Z
2026-09-22T04:00:00,15256,1,2026-09-23T21:35:24Z
2026-09-22T04:15:00,15455,1,2026-09-23T21:35:24Z
2026-09-22T04:30:00,15638,1,2026-09-23T21:35:24Z
2026-09-22T04:45:00,15793,1,2026-09-23T21:35:24Z
2026-09-22T05:00:00,15761,1,2026-09-23T21:35:24Z
2026-09-22T05:15:00,16030,1,2026-09-23T21:35:24Z
2026-09-22T05:30:00,16228,1,2026-09-23T21:35:24Z
2026-09-22T05:45:00,16689,1,2026-09-23T21:35:24Z
2026-09-22T06:00:00,16901,1,2026-09-23T21:35:24Z
2026-09-22T06:15:00,17575,1,2026-09-23T21:35:24Z
2026-09-22T06:30:00,17959,1,2026-09-23T21:35:24Z
2026-09-22T06:45:00,18599,1,2026-09-23T21:35:24Z
2026-09-22T07:00:00,18791,1,2026-09-23T21:35:24Z
2026-09-22T07:15:00,19159,1,2026-09-23T21:35:24Z
2026-09-22T07:30:00,19120,1,2026-09-23T21:35:24Z
2026-09-22T07:45:00,19214,1,2026-09-23T21:35:24Z
2026-09-22T08:00:00,19215,1,2026-09-23T21:35:24Z
2026-09-22T08:15:00,19152,1,2026-09-23T21:35:24Z
2026-09-22T08:30:00,19039,1,2026-09-23T21:35:24Z
2026-09-22T08:45:00,18947,1,2026-09-23T21:35:24Z
2026-09-22T09:00:00,18946,1,2026-09-23T21:35:24Z
2026-09-22T09:15:00,18692,1,2026-09-23T21:35:24Z
2026-09-22T09:30:00,18652,1,2026-09-23T21:35:24Z
2026-09-22T09:45:00,18464,1,2026-09-23T21:35:24Z
2026-09-22T10:00:00,18426,1,2026-09-23T21:35:24Z
2026-09-22T10:15:00,18336,1,2026-09-23T21:35:24Z
2026-09-22T10:30:00,18386,1,2026-09-23T21:35:24Z
2026-09-22T10:45:00,14126,1,2026-09-23T21:35:24Z
2026-09-22T11:00:00,18322,1,2026-09-23T21:35:24Z
2026-09-22T11:15:00,18372,1,2026-09-23T21:35:24Z
2026-09-22T11:30:00,18386,1,2026-09-23T21:35:24Z
2026-09-22T11:45:00,18290,1,2026-09-23T21:35:24Z
2026-09-22T12:00:00,18022,1,2026-09-23T21:35:24Z
2026-09-22T12:15:00,17937,1,2026-09-23T21:35:24Z
2026-09-22T12:30:00,17984,1,2026-09-23T21:35:24Z
2026-09-22T12:45:00,18119,1,2026-09-23T21:35:24Z
2026-09-22T13:00:00,18108,1,2026-09-23T21:35:24Z
2026-09-22T13:15:00,18008,1,2026-09-23T21:35:24Z
2026-09-22T13:30:00,18051,1,2026-09-23T21:35:24Z
2026-09-22T13:45:00,17908,1,2026-09-23T21:35:24Z
2026-09-22T14:00:00,17883,1,2026-09-23T21:35:24Z
2026-09-22T14:15:00,17749,1,2026-09-23T21:35:24Z
2026-09-22T14:30:00,17680,1,2026-09-23T21:35:24Z
2026-09-22T14:45:00,17649,1,2026-09-23T21:35:24Z
2026-09-22T15:00:00,17549,1,2026-09-23T21:35:24Z
2026-09-22T15:15:00,17571,1,2026-09-23T21:35:24Z
2026-09-22T15:30:00,17740,1,2026-09-23T21:35:24Z
2026-09-22T15:45:00,17709,1,2026-09-23T21:35:24Z
2026-09-22T16:00:00,17847,1,2026-09-23T21:35:24Z
2026-09-22T16:15:00,18026,1,2026-09-23T21:35:24Z
2026-09-22T16:30:00,18061,1,2026-09-23T21:35:24Z
2026-09-22T16:45:00,18332,1,2026-09-23T21:35:24Z
2026-09-22T17:00:00,18665,1,2026-09-23T21:35:24Z
2026-09-22T17:15:00,18699,1,2026-09-23T21:35:24Z
2026-09-22T17:30:00,18915,1,2026-09-23T21:35:24Z
2026-09-22T17:45:00,19242,1,2026-09-23T21:35:24Z
2026-09-22T18:00:00,18873,1,2026-09-23T21:35:24Z
2026-09-22T18:15:00,18949,1,2026-09-23T21:35:24Z
2026-09-22T18:30:00,19209,1,2026-09-23T21:35:24Z
2026-09-22T18:45:00,19308,1,2026-09-23T21:35:24Z
2026-09-22T19:00:00,19241,1,2026-09-23T21:35:24Z
2026-09-22T19:15:00,19160,1,2026-09-23T21:35:24Z
2026-09-22T19:30:00,19203,1,2026-09-23T21:35:24Z
2026-09-22T19:45:00,19251,1,2026-09-23T21:35:24Z
2026-09-22T20:00:00,19162,1,2026-09-23T21:35:24Z
2026-09-22T20:15:00,18951,1,2026-09-23T21:35:24Z
2026-09-22T20:30:00,18709,1,2026-09-23T21:35:24Z
2026-09-22T20:45:00,18524,1,2026-09-23T21:35:24Z
2026-09-22T21:00:00,18295,1,2026-09-23T21:35:24Z
2026-09-22T21:15:00,18235,1,2026-09-23T21:35:24Z
2026-09-22T21:30:00,17973,1,2026-09-23T21:35:24Z
2026-09-22T21:45:00,17902,1,2026-09-23T21:35:24Z
2026-09-22T22:00:00,17517,1,2026-09-23T21:35:24Z
2026-09-22T22:15:00,17334,1,2026-09-23T21:35:24Z
2026-09-22T22:30:00,16863,1,2026-09-23T21:35:24Z
2026-09-22T22:45:00,16736,1,2026-09-23T21:35:24Z
2026-09-22T23:00:00,16630,1,2026-09-23T21:35:24Z
2026-09-22T23:15:00,16357,1,2026-09-23T21:35:24Z
2026-09-22T23:30:00,15997,1,2026-09-23T21:35:24Z
2026-09-22T23:45:00,15753,1,2026-09-23T21:35:24Z
2026-09-23T00:00:00,15641,1,2026-09-24T21:35:56Z
2026-09-23T00:15:00,15819,1,2026-09-24T21:35:56Z
2026-09-23T00:30:00,15458,1,2026-09-24T21:35:56Z
2026-09-23T00:45:00,15430,1,2026-09-24T21:35:56Z
2026-09-23T01:00:00,15342,1,2026-09-24T21:35:56Z
2026-09-23T01:15:00,15362,1,2026-09-24T21:35:56Z
2026-09-23T01:30:00,15353,1,2026-09-24T21:35:56Z
2026-09-23T01:45:00,15288,1,2026-09-24T21:35:56Z
2026-09-23T02:00:00,15213,1,2026-09-24T21:35:56Z
2026-09-23T02:15:00,15179,1,2026-09-24T21:35:56Z
2026-09-23T02:30:00,15176,1,2026-09-24T21:35:56Z
2026-09-23T02:45:00,15218,1,2026-09-24T21:35:56Z
2026-09-23T03:00:00,15091,1,2026-09-24T21:35:56Z
2026-09-23T03:15:00,15343,1,2026-09-24T21:35:56Z
2026-09-23T03:30:00,15417,1,2026-09-24T21:35:56Z
2026-09-23T03:45:00,15302,1,2026-09-24T21:35:56Z
2026-09-23T04:00:00,15229,1,2026-09-24T21:35:56Z
2026-09-23T04:15:00,15573,1,2026-09-24T21:35:56Z
2026-09-23T04:30:00,15678,1,2026-09-24T21:35:56Z
2026-09-23T04:45:00,15843,1,2026-09-24T21:35:56Z
2026-09-23T05:00:00,15760,1,2026-09-24T21:35:56Z
2026-09-23T05:15:00,16195,1,2026-09-24T21:35:56Z
2026-09-23T05:30:00,16512,1,2026-09-24T21:35:56Z
2026-09-23T05:45:00,16922,1,2026-09-24T21:35:56Z
2026-09-23T06:00:00,17167,1,2026-09-24T21:35:56Z
2026-09-23T06:15:00,17760,1,2026-09-24T21:35:56Z
2026-09-23T06:30:00,18318,1,2026-09-24T21:35:56Z
2026-09-23T06:45:00,18675,1,2026-09-24T21:35:56Z
2026-09-23T07:00:00,19026,1,2026-09-24T21:35:56Z
2026-09-23T07:15:00,19062,1,2026-09-24T21:35:56Z
2026-09-23T07:30:00,19376,1,2026-09-24T21:35:56Z
2026-09-23T07:45:00,19457,1,2026-09-24T21:35:56Z
2026-09-23T08:00:00,19399,1,2026-09-24T21:35:56Z
2026-09-23T08:15:00,19144,1,2026-09-24T21:35:56Z
2026-09-23T08:30:00,18986,1,2026-09-24T21:35:56Z
2026-09-23T08:45:00,19008,1,2026-09-24T21:35:56Z
2026-09-23T09:00:00,18946,1,2026-09-24T21:35:56Z
2026-09-23T09:15:00,18860,1,2026-09-24T21:35:56Z
2026-09-23T09:30:00,18612,1,2026-09-24T21:35:56Z
2026-09-23T09:45:00,18506,1,2026-09-24T21:35:56Z
2026-09-23T10:00:00,18478,1,2026-09-24T21:35:56Z
2026-09-23T10:15:00,18472,1,2026-09-24T21:35:56Z
2026-09-23T10:30:00,18281,1,2026-09-24T21:35:56Z
2026-09-23T10:45:00,18441,1,2026-09-24T21:35:56Z
2026-09-23T11:00:00,18207,1,2026-09-24T21:35:56Z
2026-09-23T11:15:00,18454,1,2026-09-24T21:35:56Z
2026-09-23T11:30:00,18468,1,2026-09-24T21:35:56Z
2026-09-23T11:45:00,18269,1,2026-09-24T21:35:56Z
2026-09-23T12:00:00,18328,1,2026-09-24T21:35:56Z
2026-09-23T12:15:00,18313,1,2026-09-24T21:35:56Z
2026-09-23T12:30:00,18120,1,2026-09-24T21:35:56Z
2026-09-23T12:45:00,18231,1,2026-09-24T21:35:56Z
2026-09-23T13:00:00,17984,1,2026-09-24T21:35:56Z
2026-09-23T13:15:00,18028,1,2026-09-24T21:35:56Z
2026-09-23T13:30:00,18050,1,2026-09-24T21:35:56Z
2026-09-23T13:45:00,18118,1,2026-09-24T21:35:56Z
2026-09-23T14:00:00,17873,1,2026-09-24T21:35:56Z
2026-09-23T14:15:00,17888,1,2026-09-24T21:35:56Z
2026-09-23T14:30:00,18012,1,2026-09-24T21:35:56Z
2026-09-23T14:45:00,17937,1,2026-09-24T21:35:56Z
2026-09-23T15:00:00,17740,1,2026-09-24T21:35:56Z
2026-09-23T15:15:00,17757,1,2026-09-24T21:35:56Z
2026-09-23T15:30:00,17969,1,2026-09-24T21:35:56Z
2026-09-23T15:45:00,18005,1,2026-09-24T21:35:56Z
2026-09-23T16:00:00,17916,1,2026-09-24T21:35:56Z
2026-09-23T16:15:00,18106,1,2026-09-24T21:35:56Z
2026-09-23T16:30:00,18272,1,2026-09-24T21:35:56Z
2026-09-23T16:45:00,18620,1,2026-09-24T21:35:56Z
2026-09-23T17:00:00,18701,1,2026-09-24T21:35:56Z
2026-09-23T17:15:00,19093,1,2026-09-24T21:35:56Z
2026-09-23T17:30:00,19123,1,2026-09-24T21:35:56Z
2026-09-23T17:45:00,19264,1,2026-09-24T21:35:56Z
2026-09-23T18:00:00,19203,1,2026-09-24T21:35:56Z
2026-09-23T18:15:00,19307,1,2026-09-24T21:35:56Z
2026-09-23T18:30:00,19194,1,2026-09-24T21:35:56Z
2026-09-23T18:45:00,19315,1,2026-09-24T21:35:56Z
2026-09-23T19:00:00,19270,1,2026-09-24T21:35:56Z
2026-09-23T19:15:00,19492,1,2026-09-24T21:35:56Z
2026-09-23T19:30:00,19325,1,2026-09-24T21:35:56Z
2026-09-23T19:45:00,19224,1,2026-09-24T21:35:56Z
2026-09-23T20:00:00,19115,1,2026-09-24T21:35:56Z
2026-09-23T20:15:00,18975,1,2026-09-24T21:35:56Z
2026-09-23T20:30:00,18883,1,2026-09-24T21:35:56Z
2026-09-23T20:45:00,18513,1,2026-09-24T21:35:56Z
2026-09-23T21:00:00,18089,1,2026-09-24T21:35:56Z
2026-09-23T21:15:00,18041,1,2026-09-24T21:35:56Z
2026-09-23T21:30:00,18118,1,2026-09-24T21:35:56Z
2026-09-23T21:45:00,17917,1,2026-09-24T21:35:56Z
2026-09-23T22:00:00,17670,1,2026-09-24T21:35:56Z
2026-09-23T22:15:00,17308,1,2026-09-24T21:35:56Z
2026-09-23T22:30:00,17219,1,2026-09-24T21:35:56Z
2026-09-23T22:45:00,16961,1,2026-09-24T21:35:56Z
2026-09-23T23:00:00,16715,1,2026-09-24T21:35:56Z
2026-09-23T23:15:00,16518,1,2026-09-24T21:35:56Z
2026-09-23T23:30:00,16001,1,2026-09-24T21:35:56Z
2026-09-23T23:45:00,15907,1,2026-09-24T21:35:56Z
2026-09-24T00:00:00,15734,1,2026-09-25T21:40:20Z
2026-09-24T00:15:00,15683,1,2026-09-25T21:40:20Z
2026-09-24T00:30:00,15617,1,2026-09-25T21:40:20Z
2026-09-24T00:45:00,15651,1,2026-09-25T21:40:20Z
2026-09-24T01:00:00,15605,1,2026-09-25T21:40:20Z
2026-09-24T01:15:00,15465,1,2026-09-25T21:40:20Z
2026-09-24T01:30:00,15325,1,2026-09-25T21:40:20Z
2026-09-24T01:45:00,15252,1,2026-09-25T21:40:20Z
2026-09-24T02:00:00,15206,1,2026-09-25T21:40:20Z
2026-09-24T02:15:00,15197,1,2026-09-25T21:40:20Z
2026-09-24T02:30:00,15146,1,2026-09-25T21:40:20Z
2026-09-24T02:45:00,15065,1,2026-09-25T21:40:20Z
2026-09-24T03:00:00,15192,1,2026-09-25T21:40:20Z
2026-09-24T03:15:00,15388,1,2026-09-25T21:40:20Z
2026-09-24T03:30:00,15371,1,2026-09-25T21:40:20Z
2026-09-24T03:45:00,15281,1,2026-09-25T21:40:20Z
2026-09-24T04:00:00,15321,1,2026-09-25T21:40:20Z
2026-09-24T04:15:00,15637,1,2026-09-25T21:40:20Z
2026-09-24T04:30:00,15710,1,2026-09-25T21:40:20Z
2026-09-24T04:45:00,15738,1,2026-09-25T21:40:20Z
2026-09-24T05:00:00,15823,1,2026-09-25T21:40:20Z
2026-09-24T05:15:00,16360,1,2026-09-25T21:40:20Z
2026-09-24T05:30:00,16539,1,2026-09-25T21:40:20Z
2026-09-24T05:45:00,16647,1,2026-09-25T21:40:20Z
2026-09-24T06:00:00,17140,1,2026-09-25T21:40:20Z
2026-09-24T06:15:00,17873,1,2026-09-25T21:40:20Z
2026-09-24T06:30:00,18311,1,2026-09-25T21:40:20Z
2026-09-24T06:45:00,18684,1,2026-09-25T21:40:20Z
2026-09-24T07:00:00,18653,1,2026-09-25T21:40:20Z
2026-09-24T07:15:00,19133,1,2026-09-25T21:40:20Z
2026-09-24T07:30:00,19282,1,2026-09-25T21:40:20Z
2026-09-24T07:45:00,19572,1,2026-09-25T21:40:20Z
2026-09-24T08:00:00,19505,1,2026-09-25T21:40:20Z
2026-09-24T08:15:00,19222,1,2026-09-25T21:40:20Z
2026-09-24T08:30:00,19207,1,2026-09-25T21:40:20Z
2026-09-24T08:45:00,19296,1,2026-09-25T21:40:20Z
2026-09-24T09:00:00,19055,1,2026-09-25T21:40:20Z
2026-09-24T09:15:00,18861,1,2026-09-25T21:40:20Z
2026-09-24T09:30:00,18770,1,2026-09-25T21:40:20Z
2026-09-24T09:45:00,18740,1,2026-09-25T21:40:20Z
2026-09-24T10:00:00,18835,1,2026-09-25T21:40:20Z
2026-09-24T10:15:00,18781,1,2026-09-25T21:40:20Z
2026-09-24T10:30:00,18644,1,2026-09-25T21:40:20Z
2026-09-24T10:45:00,18645,1,2026-09-25T21:40:20Z
2026-09-24T11:00:00,18535,1,2026-09-25T21:40:20Z
2026-09-24T11:15:00,18564,1,2026-09-25T21:40:20Z
2026-09-24T11:30:00,18537,1,2026-09-25T21:40:20Z
2026-09-24T11:45:00,18639,1,2026-09-25T21:40:20Z
2026-09-24T12:00:00,18594,1,2026-09-25T21:40:20Z
2026-09-24T12:15:00,18555,1,2026-09-25T21:40:20Z
2026-09-24T12:30:00,18235,1,2026-09-25T21:40:20Z
2026-09-24T12:45:00,18412,1,2026-09-25T21:40:20Z
2026-09-24T13:00:00,18398,1,2026-09-25T21:40:20Z
2026-09-24T13:15:00,18466,1,2026-09-25T21:40:20Z
2026-09-24T13:30:00,18320,1,2026-09-25T21:40:20Z
2026-09-24T13:45:00,18289,1,2026-09-25T21:40:20Z
2026-09-24T14:00:00,18029,1,2026-09-25T21:40:20Z
2026-09-24T14:15:00,18226,1,2026-09-25T21:40:20Z
2026-09-24T14:30:00,18089,1,2026-09-25T21:40:20Z
2026-09-24T14:45:00,18208,1,2026-09-25T21:40:20Z
2026-09-24T15:00:00,18132,1,2026-09-25T21:40:20Z
2026-09-24T15:15:00,18258,1,2026-09-25T21:40:20Z
2026-09-24T15:30:00,18225,1,2026-09-25T21:40:20Z
2026-09-24T15:45:00,18170,1,2026-09-25T21:40:20Z
2026-09-24T16:00:00,18039,1,2026-09-25T21:40:20Z
2026-09-24T16:15:00,18257,1,2026-09-25T21:40:20Z
2026-09-24T16:30:00,18407,1,2026-09-25T21:40:20Z
2026-09-24T16:45:00,18589,1,2026-09-25T21:40:20Z
2026-09-24T17:00:00,18797,1,2026-09-25T21:40:20Z
2026-09-24T17:15:00,18727,1,2026-09-25T21:40:20Z
2026-09-24T17:30:00,19102,1,2026-09-25T21:40:20Z
2026-09-24T17:45:00,19178,1,2026-09-25T21:40:20Z
2026-09-24T18:00:00,19228,1,2026-09-25T21:40:20Z
2026-09-24T18:15:00,19052,1,2026-09-25T21:40:20Z
2026-09-24T18:30:00,19155,1,2026-09-25T21:40:20Z
2026-09-24T18:45:00,19268,1,2026-09-25T21:40:20Z
2026-09-24T19:00:00,19474,1,2026-09-25T21:40:20Z
2026-09-24T19:15:00,19517,1,2026-09-25T21:40:20Z
2026-09-24T19:30:00,19210,1,2026-09-25T21:40:20Z
2026-09-24T19:45:00,19348,1,2026-09-25T21:40:20Z
2026-09-24T20:00:00,19139,1,2026-09-25T21:40:20Z
2026-09-24T20:15:00,18977,1,2026-09-25T21:40:20Z
2026-09-24T20:30:00,18993,1,2026-09-25T21:40:20Z
2026-09-24T20:45:00,18618,1,2026-09-25T21:40:20Z
2026-09-24T21:00:00,18399,1,2026-09-25T21:40:20Z
2026-09-24T21:15:00,18117,1,2026-09-25T21:40:20Z
2026-09-24T21:30:00,17910,1,2026-09-25T21:40:20Z
2026-09-24T21:45:00,17635,1,2026-09-25T21:40:20Z
2026-09-24T22:00:00,17509,1,2026-09-25T21:40:20Z
2026-09-24T22:15:00,17251,1,2026-09-25T21:40:20Z
2026-09-24T22:30:00,16981,1,2026-09-25T21:40:20Z
2026-09-24T22:45:00,16765,1,2026-09-25T21:40:20Z
2026-09-24T23:00:00,16532,1,2026-09-25T21:40:20Z
2026-09-24T23:15:00,16310,1,2026-09-25T21:40:20Z
2026-09-24T23:30:00,16051,1,2026-09-25T21:40:20Z
2026-09-24T23:45:00,15863,1,2026-09-25T21:40:20Z
2026-09-25T00:00:00,15828,1,2026-09-26T21:16:47Z
2026-09-25T00:15:00,15674,1,2026-09-26T21:16:47Z
2026-09-25T00:30:00,15581,1,2026-09-26T21:16:47Z
2026-09-25T00:45:00,15193,1,2026-09-26T21:16:47Z
2026-09-25T01:00:00,15219,1,2026-09-26T21:16:47Z
2026-09-25T01:15:00,15151,1,2026-09-26T21:16:47Z
2026-09-25T01:30:00,15232,1,2026-09-26T21:16:47Z
2026-09-25T01:45:00,14840,1,2026-09-26T21:16:47Z
2026-09-25T02:00:00,14917,1,2026-09-26T21:16:47Z
2026-09-25T02:15:00,14911,1,2026-09-26T21:16:47Z
2026-09-25T02:30:00,14806,1,2026-09-26T21:16:47Z
2026-09-25T02:45:00,14713,1,2026-09-26T21:16:47Z
2026-09-25T03:00:00,14696,1,2026-09-26T21:16:47Z
2026-09-25T03:15:00,14737,1,2026-09-26T21:16:47Z
2026-09-25T03:30:00,14857,1,2026-09-26T21:16:47Z
2026-09-25T03:45:00,14908,1,2026-09-26T21:16:47Z
2026-09-25T04:00:00,15090,1,2026-09-26T21:16:47Z
2026-09-25T04:15:00,15076,1,2026-09-26T21:16:47Z
2026-09-25T04:30:00,15084,1,2026-09-26T21:16:47Z
2026-09-25T04:45:00,15258,1,2026-09-26T21:16:47Z
2026-09-25T05:00:00,15467,1,2026-09-26T21:16:47Z
2026-09-25T05:15:00,15601,1,2026-09-26T21:16:47Z
2026-09-25T05:30:00,15982,1,2026-09-26T21:16:47Z
2026-09-25T05:45:00,15995,1,2026-09-26T21:16:47Z
2026-09-25T06:00:00,16524,1,2026-09-26T21:16:47Z
2026-09-25T06:15:00,17269,1,2026-09-26T21:16:47Z
2026-09-25T06:30:00,17675,1,2026-09-26T21:16:47Z
2026-09-25T06:45:00,17585,1,2026-09-26T21:16:47Z
2026-09-25T07:00:00,18160,1,2026-09-26T21:16:47Z
2026-09-25T07:15:00,18560,1,2026-09-26T21:16:47Z
2026-09-25T07:30:00,18650,1,2026-09-26T21:16:47Z
2026-09-25T07:45:00,18511,1,2026-09-26T21:16:47Z
2026-09-25T08:00:00,18649,1,2026-09-26T21:16:47Z
2026-09-25T08:15:00,18783,1,2026-09-26T21:16:47Z
2026-09-25T08:30:00,18780,1,2026-09-26T21:16:47Z
2026-09-25T08:45:00,18729,1,2026-09-26T21:16:47Z
2026-09-25T09:00:00,18620,1,2026-09-26T21:16:47Z
2026-09-25T09:15:00,18654,1,2026-09-26T21:16:47Z
2026-09-25T09:30:00,18721,1,2026-09-26T21:16:47Z
2026-09-25T09:45:00,18607,1,2026-09-26T21:16:47Z
2026-09-25T10:00:00,18644,1,2026-09-26T21:16:47Z
2026-09-25T10:15:00,18525,1,2026-09-26T21:16:47Z
2026-09-25T10:30:00,18580,1,2026-09-26T21:16:47Z
2026-09-25T10:45:00,18574,1,2026-09-26T21:16:47Z
2026-09-25T11:00:00,18664,1,2026-09-26T21:16:47Z
2026-09-25T11:15:00,18673,1,2026-09-26T21:16:47Z
2026-09-25T11:30:00,18450,1,2026-09-26T21:16:47Z
2026-09-25T11:45:00,18521,1,2026-09-26T21:16:47Z
2026-09-25T12:00:00,18469,1,2026-09-26T21:16:47Z
2026-09-25T12:15:00,18492,1,2026-09-26T21:16:47Z
2026-09-25T12:30:00,18343,1,2026-09-26T21:16:47Z
2026-09-25T12:45:00,18541,1,2026-09-26T21:16:47Z
2026-09-25T13:00:00,18528,1,2026-09-26T21:16:47Z
2026-09-25T13:15:00,18336,1,2026-09-26T21:16:47Z
2026-09-25T13:30:00,18318,1,2026-09-26T21:16:47Z
2026-09-25T13:45:00,18233,1,2026-09-26T21:16:47Z
2026-09-25T14:00:00,18266,1,2026-09-26T21:16:47Z
2026-09-25T14:15:00,18289,1,2026-09-26T21:16:47Z
2026-09-25T14:30:00,18178,1,2026-09-26T21:16:47Z
2026-09-25T14:45:00,18185,1,2026-09-26T21:16:47Z
2026-09-25T15:00:00,18196,1,2026-09-26T21:16:47Z
2026-09-25T15:15:00,18349,1,2026-09-26T21:16:47Z
2026-09-25T15:30:00,18269,1,2026-09-26T21:16:47Z
2026-09-25T15:45:00,18195,1,2026-09-26T21:16:47Z
2026-09-25T16:00:00,18238,1,2026-09-26T21:16:47Z
2026-09-25T16:15:00,18509,1,2026-09-26T21:16:47Z
2026-09-25T16:30:00,18587,1,2026-09-26T21:16:47Z
2026-09-25T16:45:00,18644,1,2026-09-26T21:16:47Z
2026-09-25T17:00:00,18709,1,2026-09-26T21:16:47Z
2026-09-25T17:15:00,18909,1,2026-09-26T21:16:47Z
2026-09-25T17:30:00,18983,1,2026-09-26T21:16:47Z
2026-09-25T17:45:00,19019,1,2026-09-26T21:16:47Z
2026-09-25T18:00:00,18920,1,2026-09-26T21:16:47Z
2026-09-25T18:15:00,18579,1,2026-09-26T21:16:47Z
2026-09-25T18:30:00,17699,1,2026-09-26T21:16:47Z
2026-09-25T18:45:00,17718,1,2026-09-26T21:16:47Z
2026-09-25T19:00:00,19050,1,2026-09-26T21:16:47Z
2026-09-25T19:15:00,18697,1,2026-09-26T21:16:47Z
2026-09-25T19:30:00,18662,1,2026-09-26T21:16:47Z
2026-09-25T19:45:00,18687,1,2026-09-26T21:16:47Z
2026-09-25T20:00:00,18531,1,2026-09-26T21:16:47Z
2026-09-25T20:15:00,18362,1,2026-09-26T21:16:47Z
2026-09-25T20:30:00,17884,1,2026-09-26T21:16:47Z
2026-09-25T20:45:00,18110,1,2026-09-26T21:16:47Z
2026-09-25T21:00:00,17903,1,2026-09-26T21:16:47Z
2026-09-25T21:15:00,17734,1,2026-09-26T21:16:47Z
2026-09-25T21:30:00,17335,1,2026-09-26T21:16:47Z
2026-09-25T21:45:00,17363,1,2026-09-26T21:16:47Z
2026-09-25T22:00:00,16978,1,2026-09-26T21:16:47Z
2026-09-25T22:15:00,16721,1,2026-09-26T21:16:47Z
2026-09-25T22:30:00,16638,1,2026-09-26T21:16:47Z
2026-09-25T22:45:00,16413,1,2026-09-26T21:16:47Z
2026-09-25T23:00:00,16206,1,2026-09-26T21:16:47Z
2026-09-25T23:15:00,16027,1,2026-09-26T21:16:47Z
2026-09-25T23:30:00,15868,1,2026-09-26T21:16:47Z
2026-09-25T23:45:00,15731,1,2026-09-26T21:16:47Z
2026-09-26T00:00:00,15496,1,2026-09-27T21:25:59Z
2026-09-26T00:15:00,15354,1,2026-09-27T21:25:59Z
2026-09-26T00:30:00,15257,1,2026-09-27T21:25:59Z
2026-09-26T00:45:00,15083,1,2026-09-27T21:25:59Z
2026-09-26T01:00:00,15006,1,2026-09-27T21:25:59Z
2026-09-26T01:15:00,14973,1,2026-09-27T21:25:59Z
2026-09-26T01:30:00,14721,1,2026-09-27T21:25:59Z
2026-09-26T01:45:00,14574,1,2026-09-27T21:25:59Z
2026-09-26T02:00:00,14632,1,2026-09-27T21:25:59Z
2026-09-26T02:15:00,14603,1,2026-09-27T21:25:59Z
2026-09-26T02:30:00,14600,1,2026-09-27T21:25:59Z
2026-09-26T02:45:00,14679,1,2026-09-27T21:25:59Z
2026-09-26T03:00:00,14515,1,2026-09-27T21:25:59Z
2026-09-26T03:15:00,14607,1,2026-09-27T21:25:59Z
2026-09-26T03:30:00,14546,1,2026-09-27T21:25:59Z
2026-09-26T03:45:00,14675,1,2026-09-27T21:25:59Z
2026-09-26T04:00:00,14682,1,2026-09-27T21:25:59Z
2026-09-26T04:15:00,14452,1,2026-09-27T21:25:59Z
2026-09-26T04:30:00,14630,1,2026-09-27T21:25:59Z
2026-09-26T04:45:00,14728,1,2026-09-27T21:25:59Z
2026-09-26T05:00:00,14620,1,2026-09-27T21:25:59Z
2026-09-26T05:15:00,14718,1,2026-09-27T21:25:59Z
2026-09-26T05:30:00,14678,1,2026-09-27T21:25:59Z
2026-09-26T05:45:00,14911,1,2026-09-27T21:25:59Z
2026-09-26T06:00:00,15154,1,2026-09-27T21:25:59Z
2026-09-26T06:15:00,15441,1,2026-09-27T21:25:59Z
2026-09-26T06:30:00,15460,1,2026-09-27T21:25:59Z
2026-09-26T06:45:00,15577,1,2026-09-27T21:25:59Z
2026-09-26T07:00:00,15765,1,2026-09-27T21:25:59Z
2026-09-26T07:15:00,16037,1,2026-09-27T21:25:59Z
2026-09-26T07:30:00,16189,1,2026-09-27T21:25:59Z
2026-09-26T07:45:00,16493,1,2026-09-27T21:25:59Z
2026-09-26T08:00:00,16729,1,2026-09-27T21:25:59Z
2026-09-26T08:15:00,17046,1,2026-09-27T21:25:59Z
2026-09-26T08:30:00,17011,1,2026-09-27T21:25:59Z
2026-09-26T08:45:00,17252,1,2026-09-27T21:25:59Z
2026-09-26T09:00:00,17341,1,2026-09-27T21:25:59Z
2026-09-26T09:15:00,17564,1,2026-09-27T21:25:59Z
2026-09-26T09:30:00,17547,1,2026-09-27T21:25:59Z
2026-09-26T09:45:00,17598,1,2026-09-27T21:25:59Z
2026-09-26T10:00:00,17481,1,2026-09-27T21:25:59Z
2026-09-26T10:15:00,17704,1,2026-09-27T21:25:59Z
2026-09-26T10:30:00,17872,1,2026-09-27T21:25:59Z
2026-09-26T10:45:00,17755,1,2026-09-27T21:25:59Z
2026-09-26T11:00:00,17751,1,2026-09-27T21:25:59Z
2026-09-26T11:15:00,17953,1,2026-09-27T21:25:59Z
2026-09-26T11:30:00,17950,1,2026-09-27T21:25:59Z
2026-09-26T11:45:00,18072,1,2026-09-27T21:25:59Z
2026-09-26T12:00:00,18154,1,2026-09-27T21:25:59Z
2026-09-26T12:15:00,17960,1,2026-09-27T21:25:59Z
2026-09-26T12:30:00,17744,1,2026-09-27T21:25:59Z
2026-09-26T12:45:00,17837,1,2026-09-27T21:25:59Z
2026-09-26T13:00:00,17736,1,2026-09-27T21:25:59Z
2026-09-26T13:15:00,17802,1,2026-09-27T21:25:59Z
2026-09-26T13:30:00,17547,1,2026-09-27T21:25:59Z
2026-09-26T13:45:00,17602,1,2026-09-27T21:25:59Z
2026-09-26T14:00:00,17534,1,2026-09-27T21:25:59Z
2026-09-26T14:15:00,17514,1,2026-09-27T21:25:59Z
2026-09-26T14:30:00,17321,1,2026-09-27T21:25:59Z
2026-09-26T14:45:00,17296,1,2026-09-27T21:25:59Z
2026-09-26T15:00:00,17228,1,2026-09-27T21:25:59Z
2026-09-26T15:15:00,17139,1,2026-09-27T21:25:59Z
2026-09-26T15:30:00,17269,1,2026-09-27T21:25:59Z
2026-09-26T15:45:00,17287,1,2026-09-27T21:25:59Z
2026-09-26T16:00:00,17398,1,2026-09-27T21:25:59Z
2026-09-26T16:15:00,17519,1,2026-09-27T21:25:59Z
2026-09-26T16:30:00,17500,1,2026-09-27T21:25:59Z
2026-09-26T16:45:00,17405,1,2026-09-27T21:25:59Z
2026-09-26T17:00:00,17551,1,2026-09-27T21:25:59Z
2026-09-26T17:15:00,17796,1,2026-09-27T21:25:59Z
2026-09-26T17:30:00,17943,1,2026-09-27T21:25:59Z
2026-09-26T17:45:00,17937,1,2026-09-27T21:25:59Z
2026-09-26T18:00:00,17711,1,2026-09-27T21:25:59Z
2026-09-26T18:15:00,17667,1,2026-09-27T21:25:59Z
2026-09-26T18:30:00,17743,1,2026-09-27T21:25:59Z
2026-09-26T18:45:00,17989,1,2026-09-27T21:25:59Z
2026-09-26T19:00:00,17981,1,2026-09-27T21:25:59Z
2026-09-26T19:15:00,17816,1,2026-09-27T21:25:59Z
2026-09-26T19:30:00,17617,1,2026-09-27T21:25:59Z
2026-09-26T19:45:00,17508,1,2026-09-27T21:25:59Z
2026-09-26T20:00:00,17499,1,2026-09-27T21:25:59Z
2026-09-26T20:15:00,17304,1,2026-09-27T21:25:59Z
2026-09-26T20:30:00,17146,1,2026-09-27T21:25:59Z
2026-09-26T20:45:00,16967,1,2026-09-27T21:25:59Z
2026-09-26T21:00:00,16977,1,2026-09-27T21:25:59Z
2026-09-26T21:15:00,16815,1,2026-09-27T21:25:59Z
2026-09-26T21:30:00,16640,1,2026-09-27T21:25:59Z
2026-09-26T21:45:00,16476,1,2026-09-27T21:25:59Z
2026-09-26T22:00:00,16393,1,2026-09-27T21:25:59Z
2026-09-26T22:15:00,16279,1,2026-09-27T21:25:59Z
2026-09-26T22:30:00,16228,1,2026-09-27T21:25:59Z
2026-09-26T22:45:00,15960,1,2026-09-27T21:25:59Z
2026-09-26T23:00:00,15759,1,2026-09-27T21:25:59Z
2026-09-26T23:15:00,15420,1,2026-09-27T21:25:59Z
2026-09-26T23:30:00,15331,1,2026-09-27T21:25:59Z
2026-09-26T23:45:00,15067,1,2026-09-27T21:25:59Z
2026-09-27T00:00:00,15131,1,2026-09-28T23:21:49Z
2026-09-27T00:15:00,15087,1,2026-09-28T23:21:49Z
2026-09-27T00:30:00,14810,1,2026-09-28T23:21:49Z
2026-09-27T00:45:00,14736,1,2026-09-28T23:21:49Z
2026-09-27T01:00:00,14510,1,2026-09-28T23:21:49Z
2026-09-27T01:15:00,14434,1,2026-09-28T23:21:49Z
2026-09-27T01:30:00,14440,1,2026-09-28T23:21:49Z
2026-09-27T01:45:00,14391,1,2026-09-28T23:21:49Z
2026-09-27T02:00:00,14432,1,2026-09-28T23:21:49Z
2026-09-27T02:15:00,14296,1,2026-09-28T23:21:49Z
2026-09-27T02:30:00,14229,1,2026-09-28T23:21:49Z
2026-09-27T02:45:00,14366,1,2026-09-28T23:21:49Z
2026-09-27T03:00:00,14257,1,2026-09-28T23:21:49Z
2026-09-27T03:15:00,14219,1,2026-09-28T23:21:49Z
2026-09-27T03:30:00,14226,1,2026-09-28T23:21:49Z
2026-09-27T03:45:00,14230,1,2026-09-28T23:21:49Z
2026-09-27T04:00:00,14253,1,2026-09-28T23:21:49Z
2026-09-27T04:15:00,14379,1,2026-09-28T23:21:49Z
2026-09-27T04:30:00,14304,1,2026-09-28T23:21:49Z
2026-09-27T04:45:00,14413,1,2026-09-28T23:21:49Z
2026-09-27T05:00:00,14265,1,2026-09-28T23:21:49Z
2026-09-27T05:15:00,14487,1,2026-09-28T23:21:49Z
2026-09-27T05:30:00,14451,1,2026-09-28T23:21:49Z
2026-09-27T05:45:00,14443,1,2026-09-28T23:21:49Z
2026-09-27T06:00:00,14686,1,2026-09-28T23:21:49Z
2026-09-27T06:15:00,14913,1,2026-09-28T23:21:49Z
2026-09-27T06:30:00,14890,1,2026-09-28T23:21:49Z
2026-09-27T06:45:00,14978,1,2026-09-28T23:21:49Z
2026-09-27T07:00:00,15094,1,2026-09-28T23:21:49Z
2026-09-27T07:15:00,15321,1,2026-09-28T23:21:49Z
2026-09-27T07:30:00,15603,1,2026-09-28T23:21:49Z
2026-09-27T07:45:00,15937,1,2026-09-28T23:21:49Z
2026-09-27T08:00:00,15998,1,2026-09-28T23:21:49Z
2026-09-27T08:15:00,16088,1,2026-09-28T23:21:49Z
2026-09-27T08:30:00,16452,1,2026-09-28T23:21:49Z
2026-09-27T08:45:00,16673,1,2026-09-28T23:21:49Z
2026-09-27T09:00:00,16804,1,2026-09-28T23:21:49Z
2026-09-27T09:15:00,16883,1,2026-09-28T23:21:49Z
2026-09-27T09:30:00,17130,1,2026-09-28T23:21:49Z
2026-09-27T09:45:00,17147,1,2026-09-28T23:21:49Z
2026-09-27T10:00:00,17083,1,2026-09-28T23:21:49Z
2026-09-27T10:15:00,17142,1,2026-09-28T23:21:49Z
2026-09-27T10:30:00,17334,1,2026-09-28T23:21:49Z
2026-09-27T10:45:00,17373,1,2026-09-28T23:21:49Z
2026-09-27T11:00:00,17448,1,2026-09-28T23:21:49Z
2026-09-27T11:15:00,17426,1,2026-09-28T23:21:49Z
2026-09-27T11:30:00,17455,1,2026-09-28T23:21:49Z
2026-09-27T11:45:00,17557,1,2026-09-28T23:21:49Z
2026-09-27T12:00:00,17570,1,2026-09-28T23:21:49Z
2026-09-27T12:15:00,17630,1,2026-09-28T23:21:49Z
2026-09-27T12:30:00,17562,1,2026-09-28T23:21:49Z
2026-09-27T12:45:00,17487,1,2026-09-28T23:21:49Z
2026-09-27T13:00:00,17543,1,2026-09-28T23:21:49Z
2026-09-27T13:15:00,17382,1,2026-09-28T23:21:49Z
2026-09-27T13:30:00,17370,1,2026-09-28T23:21:49Z
2026-09-27T13:45:00,17184,1,2026-09-28T23:21:49Z
2026-09-27T14:00:00,17229,1,2026-09-28T23:21:49Z
2026-09-27T14:15:00,17337,1,2026-09-28T23:21:49Z
2026-09-27T14:30:00,17184,1,2026-09-28T23:21:49Z
2026-09-27T14:45:00,17117,1,2026-09-28T23:21:49Z
2026-09-27T15:00:00,17349,1,2026-09-28T23:21:49Z
2026-09-27T15:15:00,17358,1,2026-09-28T23:21:49Z
2026-09-27T15:30:00,17306,1,2026-09-28T23:21:49Z
2026-09-27T15:45:00,17182,1,2026-09-28T23:21:49Z
2026-09-27T16:00:00,17236,1,2026-09-28T23:21:49Z
2026-09-27T16:15:00,17525,1,2026-09-28T23:21:49Z
2026-09-27T16:30:00,17653,1,2026-09-28T23:21:49Z
2026-09-27T16:45:00,17882,1,2026-09-28T23:21:49Z
2026-09-27T17:00:00,17955,1,2026-09-28T23:21:49Z
2026-09-27T17:15:00,18224,1,2026-09-28T23:21:49Z
2026-09-27T17:30:00,18464,1,2026-09-28T23:21:49Z
2026-09-27T17:45:00,18566,1,2026-09-28T23:21:49Z
2026-09-27T18:00:00,18547,1,2026-09-28T23:21:49Z
2026-09-27T18:15:00,18560,1,2026-09-28T23:21:49Z
2026-09-27T18:30:00,18670,1,2026-09-28T23:21:49Z
2026-09-27T18:45:00,18599,1,2026-09-28T23:21:49Z
2026-09-27T19:00:00,18540,1,2026-09-28T23:21:49Z
2026-09-27T19:15:00,18503,1,2026-09-28T23:21:49Z
2026-09-27T19:30:00,18564,1,2026-09-28T23:21:49Z
2026-09-27T19:45:00,18434,1,2026-09-28T23:21:49Z
2026-09-27T20:00:00,18140,1,2026-09-28T23:21:49Z
2026-09-27T20:15:00,17887,1,2026-09-28T23:21:49Z
2026-09-27T20:30:00,17676,1,2026-09-28T23:21:49Z
2026-09-27T20:45:00,17713,1,2026-09-28T23:21:49Z
2026-09-27T21:00:00,17552,1,2026-09-28T23:21:49Z
2026-09-27T21:15:00,17349,1,2026-09-28T23:21:49Z
2026-09-27T21:30:00,17099,1,2026-09-28T23:21:49Z
2026-09-27T21:45:00,16869,1,2026-09-28T23:21:49Z
2026-09-27T22:00:00,16492,1,2026-09-28T23:21:49Z
2026-09-27T22:15:00,16355,1,2026-09-28T23:21:49Z
2026-09-27T22:30:00,16151,1,2026-09-28T23:21:49Z
2026-09-27T22:45:00,15848,1,2026-09-28T23:21:49Z
2026-09-27T23:00:00,15655,1,2026-09-28T23:21:49Z
2026-09-27T23:15:00,15519,1,2026-09-28T23:21:49Z
2026-09-27T23:30:00,15198,1,2026-09-28T23:21:49Z
2026-09-27T23:45:00,15051,1,2026-09-28T23:21:49Z
2026-09-28T00:00:00,14871,1,2026-09-29T22:22:28Z
2026-09-28T00:15:00,14816,1,2026-09-29T22:22:28Z
2026-09-28T00:30:00,14764,1,2026-09-29T22:22:28Z
2026-09-28T00:45:00,14482,1,2026-09-29T22:22:28Z
2026-09-28T01:00:00,14559,1,2026-09-29T22:22:28Z
2026-09-28T01:15:00,14284,1,2026-09-29T22:22:28Z
2026-09-28T01:30:00,14298,1,2026-09-29T22:22:28Z
2026-09-28T01:45:00,14413,1,2026-09-29T22:22:28Z
2026-09-28T02:00:00,14353,1,2026-09-29T22:22:28Z
2026-09-28T02:15:00,14196,1,2026-09-29T22:22:28Z
2026-09-28T02:30:00,14171,1,2026-09-29T22:22:28Z
2026-09-28T02:45:00,14240,1,2026-09-29T22:22:28Z
2026-09-28T03:00:00,14296,1,2026-09-29T22:22:28Z
2026-09-28T03:15:00,14188,1,2026-09-29T22:22:28Z
2026-09-28T03:30:00,14255,1,2026-09-29T22:22:28Z
2026-09-28T03:45:00,14326,1,2026-09-29T22:22:28Z
2026-09-28T04:00:00,14228,1,2026-09-29T22:22:28Z
2026-09-28T04:15:00,14491,1,2026-09-29T22:22:28Z
2026-09-28T04:30:00,14500,1,2026-09-29T22:22:28Z
2026-09-28T04:45:00,14459,1,2026-09-29T22:22:28Z
2026-09-28T05:00:00,14682,1,2026-09-29T22:22:28Z
2026-09-28T05:15:00,15052,1,2026-09-29T22:22:28Z
2026-09-28T05:30:00,15129,1,2026-09-29T22:22:28Z
2026-09-28T05:45:00,15239,1,2026-09-29T22:22:28Z
2026-09-28T06:00:00,15694,1,2026-09-29T22:22:28Z
2026-09-28T06:15:00,16304,1,2026-09-29T22:22:28Z
2026-09-28T06:30:00,16629,1,2026-09-29T22:22:28Z
2026-09-28T06:45:00,16891,1,2026-09-29T22:22:28Z
2026-09-28T07:00:00,17223,1,2026-09-29T22:22:28Z
2026-09-28T07:15:00,17835,1,2026-09-29T22:22:28Z
2026-09-28T07:30:00,17820,1,2026-09-29T22:22:28Z
2026-09-28T07:45:00,17871,1,2026-09-29T22:22:28Z
2026-09-28T08:00:00,17947,1,2026-09-29T22:22:28Z
2026-09-28T08:15:00,18319,1,2026-09-29T22:22:28Z
2026-09-28T08:30:00,18447,1,2026-09-29T22:22:28Z
2026-09-28T08:45:00,18475,1,2026-09-29T22:22:28Z
2026-09-28T09:00:00,18368,1,2026-09-29T22:22:28Z
2026-09-28T09:15:00,18202,1,2026-09-29T22:22:28Z
2026-09-28T09:30:00,18251,1,2026-09-29T22:22:28Z
2026-09-28T09:45:00,18532,1,2026-09-29T22:22:28Z
2026-09-28T10:00:00,18606,1,2026-09-29T22:22:28Z
2026-09-28T10:15:00,18410,1,2026-09-29T22:22:28Z
2026-09-28T10:30:00,18370,1,2026-09-29T22:22:28Z
2026-09-28T10:45:00,18509,1,2026-09-29T22:22:28Z
2026-09-28T11:00:00,18606,1,2026-09-29T22:22:28Z
2026-09-28T11:15:00,18765,1,2026-09-29T22:22:28Z
2026-09-28T11:30:00,18615,1,2026-09-29T22:22:28Z
2026-09-28T11:45:00,18809,1,2026-09-29T22:22:28Z
2026-09-28T12:00:00,18668,1,2026-09-29T22:22:28Z
2026-09-28T12:15:00,18602,1,2026-09-29T22:22:28Z
2026-09-28T12:30:00,18662,1,2026-09-29T22:22:28Z
2026-09-28T12:45:00,18507,1,2026-09-29T22:22:28Z
2026-09-28T13:00:00,18369,1,2026-09-29T22:22:28Z
2026-09-28T13:15:00,18479,1,2026-09-29T22:22:28Z
2026-09-28T13:30:00,18378,1,2026-09-29T22:22:28Z
2026-09-28T13:45:00,18317,1,2026-09-29T22:22:28Z
2026-09-28T14:00:00,17799,1,2026-09-29T22:22:28Z
2026-09-28T14:15:00,17882,1,2026-09-29T22:22:28Z
2026-09-28T14:30:00,18222,1,2026-09-29T22:22:28Z
2026-09-28T14:45:00,18299,1,2026-09-29T22:22:28Z
2026-09-28T15:00:00,18207,1,2026-09-29T22:22:28Z
2026-09-28T15:15:00,18425,1,2026-09-29T22:22:28Z
2026-09-28T15:30:00,18398,1,2026-09-29T22:22:28Z
2026-09-28T15:45:00,18424,1,2026-09-29T22:22:28Z
2026-09-28T16:00:00,18458,1,2026-09-29T22:22:28Z
2026-09-28T16:15:00,18782,1,2026-09-29T22:22:28Z
2026-09-28T16:30:00,18985,1,2026-09-29T22:22:28Z
2026-09-28T16:45:00,19180,1,2026-09-29T22:22:28Z
2026-09-28T17:00:00,19604,1,2026-09-29T22:22:28Z
2026-09-28T17:15:00,19702,1,2026-09-29T22:22:28Z
2026-09-28T17:30:00,19981,1,2026-09-29T22:22:28Z
2026-09-28T17:45:00,19935,1,2026-09-29T22:22:28Z
2026-09-28T18:00:00,19918,1,2026-09-29T22:22:28Z
2026-09-28T18:15:00,19926,1,2026-09-29T22:22:28Z
2026-09-28T18:30:00,19964,1,2026-09-29T22:22:28Z
2026-09-28T18:45:00,19739,1,2026-09-29T22:22:28Z
2026-09-28T19:00:00,19748,1,2026-09-29T22:22:28Z
2026-09-28T19:15:00,19659,1,2026-09-29T22:22:28Z
2026-09-28T19:30:00,19457,1,2026-09-29T22:22:28Z
2026-09-28T19:45:00,19389,1,2026-09-29T22:22:28Z
2026-09-28T20:00:00,19017,1,2026-09-29T22:22:28Z
2026-09-28T20:15:00,19102,1,2026-09-29T22:22:28Z
2026-09-28T20:30:00,18882,1,2026-09-29T22:22:28Z
2026-09-28T20:45:00,18478,1,2026-09-29T22:22:28Z
2026-09-28T21:00:00,18242,1,2026-09-29T22:22:28Z
2026-09-28T21:15:00,18151,1,2026-09-29T22:22:28Z
2026-09-28T21:30:00,17994,1,2026-09-29T22:22:28Z
2026-09-28T21:45:00,17688,1,2026-09-29T22:22:28Z
2026-09-28T22:00:00,17573,1,2026-09-29T22:22:28Z
2026-09-28T22:15:00,17358,1,2026-09-29T22:22:28Z
2026-09-28T22:30:00,17047,1,2026-09-29T22:22:28Z
2026-09-28T22:45:00,16583,1,2026-09-29T22:22:28Z
2026-09-28T23:00:00,16322,1,2026-09-29T22:22:28Z
2026-09-28T23:15:00,16055,1,2026-09-29T22:22:28Z
2026-09-28T23:30:00,15831,1,2026-09-29T22:22:28Z
2026-09-28T23:45:00,15799,1,2026-09-29T22:22:28Z
2026-09-29T00:00:00,15607,1,2026-09-30T22:24:01Z
2026-09-29T00:15:00,15492,1,2026-09-30T22:24:01Z
2026-09-29T00:30:00,15456,1,2026-09-30T22:24:01Z
2026-09-29T00:45:00,15293,1,2026-09-30T22:24:01Z
2026-09-29T01:00:00,15183,1,2026-09-30T22:24:01Z
2026-09-29T01:15:00,15172,1,2026-09-30T22:24:01Z
2026-09-29T01:30:00,15057,1,2026-09-30T22:24:01Z
2026-09-29T01:45:00,14874,1,2026-09-30T22:24:01Z
2026-09-29T02:00:00,14920,1,2026-09-30T22:24:01Z
2026-09-29T02:15:00,14871,1,2026-09-30T22:24:01Z
2026-09-29T02:30:00,14895,1,2026-09-30T22:24:01Z
2026-09-29T02:45:00,14869,1,2026-09-30T22:24:01Z
2026-09-29T03:00:00,14844,1,2026-09-30T22:24:01Z
2026-09-29T03:15:00,14918,1,2026-09-30T22:24:01Z
2026-09-29T03:30:00,14900,1,2026-09-30T22:24:01Z
2026-09-29T03:45:00,14615,1,2026-09-30T22:24:01Z
2026-09-29T04:00:00,14803,1,2026-09-30T22:24:01Z
2026-09-29T04:15:00,14989,1,2026-09-30T22:24:01Z
2026-09-29T04:30:00,15058,1,2026-09-30T22:24:01Z
2026-09-29T04:45:00,14976,1,2026-09-30T22:24:01Z
2026-09-29T05:00:00,14952,1,2026-09-30T22:24:01Z
2026-09-29T05:15:00,15417,1,2026-09-30T22:24:01Z
2026-09-29T05:30:00,15782,1,2026-09-30T22:24:01Z
2026-09-29T05:45:00,16026,1,2026-09-30T22:24:01Z
2026-09-29T06:00:00,16290,1,2026-09-30T22:24:01Z
2026-09-29T06:15:00,16813,1,2026-09-30T22:24:01Z
2026-09-29T06:30:00,17196,1,2026-09-30T22:24:01Z
2026-09-29T06:45:00,17726,1,2026-09-30T22:24:01Z
2026-09-29T07:00:00,17864,1,2026-09-30T22:24:01Z
2026-09-29T07:15:00,18123,1,2026-09-30T22:24:01Z
2026-09-29T07:30:00,18267,1,2026-09-30T22:24:01Z
2026-09-29T07:45:00,18530,1,2026-09-30T22:24:01Z
2026-09-29T08:00:00,18531,1,2026-09-30T22:24:01Z
2026-09-29T08:15:00,18545,1,2026-09-30T22:24:01Z
2026-09-29T08:30:00,18548,1,2026-09-30T22:24:01Z
2026-09-29T08:45:00,18507,1,2026-09-30T22:24:01Z
2026-09-29T09:00:00,18657,1,2026-09-30T22:24:01Z
2026-09-29T09:15:00,18323,1,2026-09-30T22:24:01Z
2026-09-29T09:30:00,18514,1,2026-09-30T22:24:01Z
2026-09-29T09:45:00,18495,1,2026-09-30T22:24:01Z
2026-09-29T10:00:00,18631,1,2026-09-30T22:24:01Z
2026-09-29T10:15:00,18473,1,2026-09-30T22:24:01Z
2026-09-29T10:30:00,18666,1,2026-09-30T22:24:01Z
2026-09-29T10:45:00,18575,1,2026-09-30T22:24:01Z
2026-09-29T11:00:00,18440,1,2026-09-30T22:24:01Z
2026-09-29T11:15:00,18375,1,2026-09-30T22:24:01Z
2026-09-29T11:30:00,18382,1,2026-09-30T22:24:01Z
2026-09-29T11:45:00,18260,1,2026-09-30T22:24:01Z
2026-09-29T12:00:00,18206,1,2026-09-30T22:24:01Z
2026-09-29T12:15:00,18120,1,2026-09-30T22:24:01Z
2026-09-29T12:30:00,18078,1,2026-09-30T22:24:01Z
2026-09-29T12:45:00,18126,1,2026-09-30T22:24:01Z
2026-09-29T13:00:00,18095,1,2026-09-30T22:24:01Z
2026-09-29T13:15:00,18122,1,2026-09-30T22:24:01Z
2026-09-29T13:30:00,17981,1,2026-09-30T22:24:01Z
2026-09-29T13:45:00,17918,1,2026-09-30T22:24:01Z
2026-09-29T14:00:00,18034,1,2026-09-30T22:24:01Z
2026-09-29T14:15:00,17884,1,2026-09-30T22:24:01Z
2026-09-29T14:30:00,17725,1,2026-09-30T22:24:01Z
2026-09-29T14:45:00,17783,1,2026-09-30T22:24:01Z
2026-09-29T15:00:00,17903,1,2026-09-30T22:24:01Z
2026-09-29T15:15:00,17892,1,2026-09-30T22:24:01Z
2026-09-29T15:30:00,17814,1,2026-09-30T22:24:01Z
2026-09-29T15:45:00,17701,1,2026-09-30T22:24:01Z
2026-09-29T16:00:00,18258,1,2026-09-30T22:24:01Z
2026-09-29T16:15:00,18229,1,2026-09-30T22:24:01Z
2026-09-29T16:30:00,18235,1,2026-09-30T22:24:01Z
2026-09-29T16:45:00,18370,1,2026-09-30T22:24:01Z
2026-09-29T17:00:00,18658,1,2026-09-30T22:24:01Z
2026-09-29T17:15:00,18876,1,2026-09-30T22:24:01Z
2026-09-29T17:30:00,19157,1,2026-09-30T22:24:01Z
2026-09-29T17:45:00,19329,1,2026-09-30T22:24:01Z
2026-09-29T18:00:00,19160,1,2026-09-30T22:24:01Z
2026-09-29T18:15:00,19280,1,2026-09-30T22:24:01Z
2026-09-29T18:30:00,19401,1,2026-09-30T22:24:01Z
2026-09-29T18:45:00,19577,1,2026-09-30T22:24:01Z
2026-09-29T19:00:00,19655,1,2026-09-30T22:24:01Z
2026-09-29T19:15:00,19743,1,2026-09-30T22:24:01Z
2026-09-29T19:30:00,19496,1,2026-09-30T22:24:01Z
2026-09-29T19:45:00,19276,1,2026-09-30T22:24:01Z
2026-09-29T20:00:00,18971,1,2026-09-30T22:24:01Z
2026-09-29T20:15:00,18974,1,2026-09-30T22:24:01Z
2026-09-29T20:30:00,18871,1,2026-09-30T22:24:01Z
2026-09-29T20:45:00,18731,1,2026-09-30T22:24:01Z
2026-09-29T21:00:00,18391,1,2026-09-30T22:24:01Z
2026-09-29T21:15:00,18355,1,2026-09-30T22:24:01Z
2026-09-29T21:30:00,17934,1,2026-09-30T22:24:01Z
2026-09-29T21:45:00,17584,1,2026-09-30T22:24:01Z
2026-09-29T22:00:00,17505,1,2026-09-30T22:24:01Z
2026-09-29T22:15:00,17262,1,2026-09-30T22:24:01Z
2026-09-29T22:30:00,17029,1,2026-09-30T22:24:01Z
2026-09-29T22:45:00,16588,1,2026-09-30T22:24:01Z
2026-09-29T23:00:00,16303,1,2026-09-30T22:24:01Z
2026-09-29T23:15:00,16248,1,2026-09-30T22:24:01Z
2026-09-29T23:30:00,16020,1,2026-09-30T22:24:01Z
2026-09-29T23:45:00,15844,1,2026-09-30T22:24:01Z
2026-09-30T00:00:00,15589,1,2026-10-01T22:46:37Z
2026-09-30T00:15:00,15407,1,2026-10-01T22:46:37Z
2026-09-30T00:30:00,15276,1,2026-10-01T22:46:37Z
2026-09-30T00:45:00,15266,1,2026-10-01T22:46:37Z
2026-09-30T01:00:00,15146,1,2026-10-01T22:46:37Z
2026-09-30T01:15:00,15109,1,2026-10-01T22:46:37Z
2026-09-30T01:30:00,15103,1,2026-10-01T22:46:37Z
2026-09-30T01:45:00,14883,1,2026-10-01T22:46:37Z
2026-09-30T02:00:00,14637,1,2026-10-01T22:46:37Z
2026-09-30T02:15:00,14685,1,2026-10-01T22:46:37Z
2026-09-30T02:30:00,14946,1,2026-10-01T22:46:37Z
2026-09-30T02:45:00,14918,1,2026-10-01T22:46:37Z
2026-09-30T03:00:00,14821,1,2026-10-01T22:46:37Z
2026-09-30T03:15:00,14849,1,2026-10-01T22:46:37Z
2026-09-30T03:30:00,14906,1,2026-10-01T22:46:37Z
2026-09-30T03:45:00,15009,1,2026-10-01T22:46:37Z
2026-09-30T04:00:00,14995,1,2026-10-01T22:46:37Z
2026-09-30T04:15:00,14906,1,2026-10-01T22:46:37Z
2026-09-30T04:30:00,15078,1,2026-10-01T22:46:37Z
2026-09-30T04:45:00,15145,1,2026-10-01T22:46:37Z
2026-09-30T05:00:00,15277,1,2026-10-01T22:46:37Z
2026-09-30T05:15:00,15367,1,2026-10-01T22:46:37Z
2026-09-30T05:30:00,15617,1,2026-10-01T22:46:37Z
2026-09-30T05:45:00,16074,1,2026-10-01T22:46:37Z
2026-09-30T06:00:00,16375,1,2026-10-01T22:46:37Z
2026-09-30T06:15:00,16998,1,2026-10-01T22:46:37Z
2026-09-30T06:30:00,17015,1,2026-10-01T22:46:37Z
2026-09-30T06:45:00,17575,1,2026-10-01T22:46:37Z
2026-09-30T07:00:00,17909,1,2026-10-01T22:46:37Z
2026-09-30T07:15:00,18403,1,2026-10-01T22:46:37Z
2026-09-30T07:30:00,18423,1,2026-10-01T22:46:37Z
2026-09-30T07:45:00,18411,1,2026-10-01T22:46:37Z
2026-09-30T08:00:00,18521,1,2026-10-01T22:46:37Z
2026-09-30T08:15:00,18573,1,2026-10-01T22:46:37Z
2026-09-30T08:30:00,18590,1,2026-10-01T22:46:37Z
2026-09-30T08:45:00,18495,1,2026-10-01T22:46:37Z
2026-09-30T09:00:00,18620,1,2026-10-01T22:46:37Z
2026-09-30T09:15:00,18615,1,2026-10-01T22:46:37Z
2026-09-30T09:30:00,18641,1,2026-10-01T22:46:37Z
2026-09-30T09:45:00,18537,1,2026-10-01T22:46:37Z
2026-09-30T10:00:00,18570,1,2026-10-01T22:46:37Z
2026-09-30T10:15:00,18590,1,2026-10-01T22:46:37Z
2026-09-30T10:30:00,18519,1,2026-10-01T22:46:37Z
2026-09-30T10:45:00,18463,1,2026-10-01T22:46:37Z
2026-09-30T11:00:00,18435,1,2026-10-01T22:46:37Z
2026-09-30T11:15:00,18602,1,2026-10-01T22:46:37Z
2026-09-30T11:30:00,18522,1,2026-10-01T22:46:37Z
2026-09-30T11:45:00,18540,1,2026-10-01T22:46:37Z
2026-09-30T12:00:00,18386,1,2026-10-01T22:46:37Z
2026-09-30T12:15:00,18364,1,2026-10-01T22:46:37Z
2026-09-30T12:30:00,18402,1,2026-10-01T22:46:37Z
2026-09-30T12:45:00,18465,1,2026-10-01T22:46:37Z
2026-09-30T13:00:00,18513,1,2026-10-01T22:46:37Z
2026-09-30T13:15:00,18416,1,2026-10-01T22:46:37Z
2026-09-30T13:30:00,18390,1,2026-10-01T22:46:37Z
2026-09-30T13:45:00,18280,1,2026-10-01T22:46:37Z
2026-09-30T14:00:00,18368,1,2026-10-01T22:46:37Z
2026-09-30T14:15:00,18339,1,2026-10-01T22:46:37Z
2026-09-30T14:30:00,18207,1,2026-10-01T22:46:37Z
2026-09-30T14:45:00,18064,1,2026-10-01T22:46:37Z
2026-09-30T15:00:00,18044,1,2026-10-01T22:46:37Z
2026-09-30T15:15:00,18037,1,2026-10-01T22:46:37Z
2026-09-30T15:30:00,18056,1,2026-10-01T22:46:37Z
2026-09-30T15:45:00,18219,1,2026-10-01T22:46:37Z
2026-09-30T16:00:00,18204,1,2026-10-01T22:46:37Z
2026-09-30T16:15:00,18475,1,2026-10-01T22:46:37Z
2026-09-30T16:30:00,18490,1,2026-10-01T22:46:37Z
2026-09-30T16:45:00,18890,1,2026-10-01T22:46:37Z
2026-09-30T17:00:00,19244,1,2026-10-01T22:46:37Z
2026-09-30T17:15:00,19274,1,2026-10-01T22:46:37Z
2026-09-30T17:30:00,19210,1,2026-10-01T22:46:37Z
2026-09-30T17:45:00,19107,1,2026-10-01T22:46:37Z
2026-09-30T18:00:00,19170,1,2026-10-01T22:46:37Z
2026-09-30T18:15:00,19503,1,2026-10-01T22:46:37Z
2026-09-30T18:30:00,19592,1,2026-10-01T22:46:37Z
2026-09-30T18:45:00,19501,1,2026-10-01T22:46:37Z
2026-09-30T19:00:00,19443,1,2026-10-01T22:46:37Z
2026-09-30T19:15:00,19395,1,2026-10-01T22:46:37Z
2026-09-30T19:30:00,19252,1,2026-10-01T22:46:37Z
2026-09-30T19:45:00,19041,1,2026-10-01T22:46:37Z
2026-09-30T20:00:00,18898,1,2026-10-01T22:46:37Z
2026-09-30T20:15:00,18808,1,2026-10-01T22:46:37Z
2026-09-30T20:30:00,18834,1,2026-10-01T22:46:37Z
2026-09-30T20:45:00,18687,1,2026-10-01T22:46:37Z
2026-09-30T21:00:00,18459,1,2026-10-01T22:46:37Z
2026-09-30T21:15:00,18229,1,2026-10-01T22:46:37Z
2026-09-30T21:30:00,17787,1,2026-10-01T22:46:37Z
2026-09-30T21:45:00,17612,1,2026-10-01T22:46:37Z
2026-09-30T22:00:00,17408,1,2026-10-01T22:46:37Z
2026-09-30T22:15:00,17064,1,2026-10-01T22:46:37Z
2026-09-30T22:30:00,16721,1,2026-10-01T22:46:37Z
2026-09-30T22:45:00,16551,1,2026-10-01T22:46:37Z
2026-09-30T23:00:00,16182,1,2026-10-01T22:46:37Z
2026-09-30T23:15:00,16156,1,2026-10-01T22:46:37Z
2026-09-30T23:30:00,15979,1,2026-10-01T22:46:37Z
2026-09-30T23:45:00,15598,1,2026-10-01T22:46:37Z
2026-10-01T00:00:00,15551,1,2026-10-02T22:19:58Z
2026-10-01T00:15:00,15370,1,2026-10-02T22:19:58Z
2026-10-01T00:30:00,15269,1,2026-10-02T22:19:58Z
2026-10-01T00:45:00,15191,1,2026-10-02T22:19:58Z
2026-10-01T01:00:00,15139,1,2026-10-02T22:19:58Z
2026-10-01T01:15:00,15063,1,2026-10-02T22:19:58Z
2026-10-01T01:30:00,14878,1,2026-10-02T22:19:58Z
2026-10-01T01:45:00,14910,1,2026-10-02T22:19:58Z
2026-10-01T02:00:00,14864,1,2026-10-02T22:19:58Z
2026-10-01T02:15:00,14726,1,2026-10-02T22:19:58Z
2026-10-01T02:30:00,14672,1,2026-10-02T22:19:58Z
2026-10-01T02:45:00,14667,1,2026-10-02T22:19:58Z
2026-10-01T03:00:00,14661,1,2026-10-02T22:19:58Z
2026-10-01T03:15:00,14553,1,2026-10-02T22:19:58Z
2026-10-01T03:30:00,14584,1,2026-10-02T22:19:58Z
2026-10-01T03:45:00,14446,1,2026-10-02T22:19:58Z
2026-10-01T04:00:00,14702,1,2026-10-02T22:19:58Z
2026-10-01T04:15:00,14794,1,2026-10-02T22:19:58Z
2026-10-01T04:30:00,14715,1,2026-10-02T22:19:58Z
2026-10-01T04:45:00,14617,1,2026-10-02T22:19:58Z
2026-10-01T05:00:00,14669,1,2026-10-02T22:19:58Z
2026-10-01T05:15:00,15040,1,2026-10-02T22:19:58Z
2026-10-01T05:30:00,15279,1,2026-10-02T22:19:58Z
2026-10-01T05:45:00,15614,1,2026-10-02T22:19:58Z
2026-10-01T06:00:00,15801,1,2026-10-02T22:19:58Z
2026-10-01T06:15:00,16446,1,2026-10-02T22:19:58Z
2026-10-01T06:30:00,16824,1,2026-10-02T22:19:58Z
2026-10-01T06:45:00,17089,1,2026-10-02T22:19:58Z
2026-10-01T07:00:00,17456,1,2026-10-02T22:19:58Z
2026-10-01T07:15:00,17610,1,2026-10-02T22:19:58Z
2026-10-01T07:30:00,17870,1,2026-10-02T22:19:58Z
2026-10-01T07:45:00,17820,1,2026-10-02T22:19:58Z
2026-10-01T08:00:00,18087,1,2026-10-02T22:19:58Z
2026-10-01T08:15:00,18125,1,2026-10-02T22:19:58Z
2026-10-01T08:30:00,18079,1,2026-10-02T22:19:58Z
2026-10-01T08:45:00,17946,1,2026-10-02T22:19:58Z
2026-10-01T09:00:00,17913,1,2026-10-02T22:19:58Z
2026-10-01T09:15:00,17934,1,2026-10-02T22:19:58Z
2026-10-01T09:30:00,17955,1,2026-10-02T22:19:58Z
2026-10-01T09:45:00,17958,1,2026-10-02T22:19:58Z
2026-10-01T10:00:00,17949,1,2026-10-02T22:19:58Z
2026-10-01T10:15:00,17978,1,2026-10-02T22:19:58Z
2026-10-01T10:30:00,18121,1,2026-10-02T22:19:58Z
2026-10-01T10:45:00,18135,1,2026-10-02T22:19:58Z
2026-10-01T11:00:00,18169,1,2026-10-02T22:19:58Z
2026-10-01T11:15:00,18144,1,2026-10-02T22:19:58Z
2026-10-01T11:30:00,18238,1,2026-10-02T22:19:58Z
2026-10-01T11:45:00,18182,1,2026-10-02T22:19:58Z
2026-10-01T12:00:00,18119,1,2026-10-02T22:19:58Z
2026-10-01T12:15:00,18050,1,2026-10-02T22:19:58Z
2026-10-01T12:30:00,18061,1,2026-10-02T22:19:58Z
2026-10-01T12:45:00,18181,1,2026-10-02T22:19:58Z
2026-10-01T13:00:00,18109,1,2026-10-02T22:19:58Z
2026-10-01T13:15:00,18115,1,2026-10-02T22:19:58Z
2026-10-01T13:30:00,18021,1,2026-10-02T22:19:58Z
2026-10-01T13:45:00,17986,1,2026-10-02T22:19:58Z
2026-10-01T14:00:00,17926,1,2026-10-02T22:19:58Z
2026-10-01T14:15:00,17735,1,2026-10-02T22:19:58Z
2026-10-01T14:30:00,17935,1,2026-10-02T22:19:58Z
2026-10-01T14:45:00,17971,1,2026-10-02T22:19:58Z
2026-10-01T15:00:00,17988,1,2026-10-02T22:19:58Z
2026-10-01T15:15:00,18058,1,2026-10-02T22:19:58Z
2026-10-01T15:30:00,18015,1,2026-10-02T22:19:58Z
2026-10-01T15:45:00,18245,1,2026-10-02T22:19:58Z
2026-10-01T16:00:00,18164,1,2026-10-02T22:19:58Z
2026-10-01T16:15:00,18399,1,2026-10-02T22:19:58Z
2026-10-01T16:30:00,18636,1,2026-10-02T22:19:58Z
2026-10-01T16:45:00,18847,1,2026-10-02T22:19:58Z
2026-10-01T17:00:00,18932,1,2026-10-02T22:19:58Z
2026-10-01T17:15:00,19024,1,2026-10-02T22:19:58Z
2026-10-01T17:30:00,19344,1,2026-10-02T22:19:58Z
2026-10-01T17:45:00,19478,1,2026-10-02T22:19:58Z
2026-10-01T18:00:00,19579,1,2026-10-02T22:19:58Z
2026-10-01T18:15:00,19435,1,2026-10-02T22:19:58Z
2026-10-01T18:30:00,19695,1,2026-10-02T22:19:58Z
2026-10-01T18:45:00,19491,1,2026-10-02T22:19:58Z
2026-10-01T19:00:00,19601,1,2026-10-02T22:19:58Z
2026-10-01T19:15:00,19376,1,2026-10-02T22:19:58Z
2026-10-01T19:30:00,19288,1,2026-10-02T22:19:58Z
2026-10-01T19:45:00,19079,1,2026-10-02T22:19:58Z
2026-10-01T20:00:00,19265,1,2026-10-02T22:19:58Z
2026-10-01T20:15:00,19024,1,2026-10-02T22:19:58Z
2026-10-01T20:30:00,18698,1,2026-10-02T22:19:58Z
2026-10-01T20:45:00,18630,1,2026-10-02T22:19:58Z
2026-10-01T21:00:00,18584,1,2026-10-02T22:19:58Z
2026-10-01T21:15:00,18198,1,2026-10-02T22:19:58Z
2026-10-01T21:30:00,17987,1,2026-10-02T22:19:58Z
2026-10-01T21:45:00,17702,1,2026-10-02T22:19:58Z
2026-10-01T22:00:00,17603,1,2026-10-02T22:19:58Z
2026-10-01T22:15:00,17350,1,2026-10-02T22:19:58Z
2026-10-01T22:30:00,17163,1,2026-10-02T22:19:58Z
2026-10-01T22:45:00,16780,1,2026-10-02T22:19:58Z
2026-10-01T23:00:00,16568,1,2026-10-02T22:19:58Z
2026-10-01T23:15:00,16351,1,2026-10-02T22:19:58Z
2026-10-01T23:30:00,16241,1,2026-10-02T22:19:58Z
2026-10-01T23:45:00,15973,1,2026-10-02T22:19:58Z
2026-10-02T00:00:00,15775,1,2026-10-03T21:24:58Z
2026-10-02T00:15:00,15808,1,2026-10-03T21:24:58Z
2026-10-02T00:30:00,15631,1,2026-10-03T21:24:58Z
2026-10-02T00:45:00,15506,1,2026-10-03T21:24:58Z
2026-10-02T01:00:00,15140,1,2026-10-03T21:24:58Z
2026-10-02T01:15:00,15239,1,2026-10-03T21:24:58Z
2026-10-02T01:30:00,15116,1,2026-10-03T21:24:58Z
2026-10-02T01:45:00,14974,1,2026-10-03T21:24:58Z
2026-10-02T02:00:00,14764,1,2026-10-03T21:24:58Z
2026-10-02T02:15:00,14618,1,2026-10-03T21:24:58Z
2026-10-02T02:30:00,14670,1,2026-10-03T21:24:58Z
2026-10-02T02:45:00,14603,1,2026-10-03T21:24:58Z
2026-10-02T03:00:00,14566,1,2026-10-03T21:24:58Z
2026-10-02T03:15:00,14471,1,2026-10-03T21:24:58Z
2026-10-02T03:30:00,14695,1,2026-10-03T21:24:58Z
2026-10-02T03:45:00,14694,1,2026-10-03T21:24:58Z
2026-10-02T04:00:00,14526,1,2026-10-03T21:24:58Z
2026-10-02T04:15:00,14517,1,2026-10-03T21:24:58Z
2026-10-02T04:30:00,14507,1,2026-10-03T21:24:58Z
2026-10-02T04:45:00,14621,1,2026-10-03T21:24:58Z
2026-10-02T05:00:00,14667,1,2026-10-03T21:24:58Z
2026-10-02T05:15:00,14950,1,2026-10-03T21:24:58Z
2026-10-02T05:30:00,15026,1,2026-10-03T21:24:58Z
2026-10-02T05:45:00,15398,1,2026-10-03T21:24:58Z
2026-10-02T06:00:00,15774,1,2026-10-03T21:24:58Z
2026-10-02T06:15:00,16338,1,2026-10-03T21:24:58Z
2026-10-02T06:30:00,16594,1,2026-10-03T21:24:58Z
2026-10-02T06:45:00,16943,1,2026-10-03T21:24:58Z
2026-10-02T07:00:00,17333,1,2026-10-03T21:24:58Z
2026-10-02T07:15:00,17733,1,2026-10-03T21:24:58Z
2026-10-02T07:30:00,18052,1,2026-10-03T21:24:58Z
2026-10-02T07:45:00,17993,1,2026-10-03T21:24:58Z
2026-10-02T08:00:00,18264,1,2026-10-03T21:24:58Z
2026-10-02T08:15:00,18443,1,2026-10-03T21:24:58Z
2026-10-02T08:30:00,18348,1,2026-10-03T21:24:58Z
2026-10-02T08:45:00,18150,1,2026-10-03T21:24:58Z
2026-10-02T09:00:00,18391,1,2026-10-03T21:24:58Z
2026-10-02T09:15:00,18322,1,2026-10-03T21:24:58Z
2026-10-02T09:30:00,18533,1,2026-10-03T21:24:58Z
2026-10-02T09:45:00,18456,1,2026-10-03T21:24:58Z
2026-10-02T10:00:00,18644,1,2026-10-03T21:24:58Z
2026-10-02T10:15:00,18514,1,2026-10-03T21:24:58Z
2026-10-02T10:30:00,18671,1,2026-10-03T21:24:58Z
2026-10-02T10:45:00,18547,1,2026-10-03T21:24:58Z
2026-10-02T11:00:00,18600,1,2026-10-03T21:24:58Z
2026-10-02T11:15:00,18510,1,2026-10-03T21:24:58Z
2026-10-02T11:30:00,18468,1,2026-10-03T21:24:58Z
2026-10-02T11:45:00,18314,1,2026-10-03T21:24:58Z
2026-10-02T12:00:00,18344,1,2026-10-03T21:24:58Z
2026-10-02T12:15:00,18330,1,2026-10-03T21:24:58Z
2026-10-02T12:30:00,18294,1,2026-10-03T21:24:58Z
2026-10-02T12:45:00,18107,1,2026-10-03T21:24:58Z
2026-10-02T13:00:00,18248,1,2026-10-03T21:24:58Z
2026-10-02T13:15:00,18148,1,2026-10-03T21:24:58Z
2026-10-02T13:30:00,18191,1,2026-10-03T21:24:58Z
2026-10-02T13:45:00,17933,1,2026-10-03T21:24:58Z
2026-10-02T14:00:00,17825,1,2026-10-03T21:24:58Z
2026-10-02T14:15:00,17817,1,2026-10-03T21:24:58Z
2026-10-02T14:30:00,17684,1,2026-10-03T21:24:58Z
2026-10-02T14:45:00,17713,1,2026-10-03T21:24:58Z
2026-10-02T15:00:00,17597,1,2026-10-03T21:24:58Z
2026-10-02T15:15:00,17686,1,2026-10-03T21:24:58Z
2026-10-02T15:30:00,17817,1,2026-10-03T21:24:58Z
2026-10-02T15:45:00,17788,1,2026-10-03T21:24:58Z
2026-10-02T16:00:00,17733,1,2026-10-03T21:24:58Z
2026-10-02T16:15:00,17910,1,2026-10-03T21:24:58Z
2026-10-02T16:30:00,18032,1,2026-10-03T21:24:58Z
2026-10-02T16:45:00,18185,1,2026-10-03T21:24:58Z
2026-10-02T17:00:00,18281,1,2026-10-03T21:24:58Z
2026-10-02T17:15:00,18419,1,2026-10-03T21:24:58Z
2026-10-02T17:30:00,18392,1,2026-10-03T21:24:58Z
2026-10-02T17:45:00,18440,1,2026-10-03T21:24:58Z
2026-10-02T18:00:00,18633,1,2026-10-03T21:24:58Z
2026-10-02T18:15:00,18586,1,2026-10-03T21:24:58Z
2026-10-02T18:30:00,18614,1,2026-10-03T21:24:58Z
2026-10-02T18:45:00,18550,1,2026-10-03T21:24:58Z
2026-10-02T19:00:00,18723,1,2026-10-03T21:24:58Z
2026-10-02T19:15:00,18527,1,2026-10-03T21:24:58Z
2026-10-02T19:30:00,18562,1,2026-10-03T21:24:58Z
2026-10-02T19:45:00,18460,1,2026-10-03T21:24:58Z
2026-10-02T20:00:00,18218,1,2026-10-03T21:24:58Z
2026-10-02T20:15:00,18078,1,2026-10-03T21:24:58Z
2026-10-02T20:30:00,17953,1,2026-10-03T21:24:58Z
2026-10-02T20:45:00,17910,1,2026-10-03T21:24:58Z
2026-10-02T21:00:00,17698,1,2026-10-03T21:24:58Z
2026-10-02T21:15:00,17407,1,2026-10-03T21:24:58Z
2026-10-02T21:30:00,17410,1,2026-10-03T21:24:58Z
2026-10-02T21:45:00,17398,1,2026-10-03T21:24:58Z
2026-10-02T22:00:00,17081,1,2026-10-03T21:24:58Z
2026-10-02T22:15:00,16809,1,2026-10-03T21:24:58Z
2026-10-02T22:30:00,16680,1,2026-10-03T21:24:58Z
2026-10-02T22:45:00,16633,1,2026-10-03T21:24:58Z
2026-10-02T23:00:00,16368,1,2026-10-03T21:24:58Z
2026-10-02T23:15:00,16009,1,2026-10-03T21:24:58Z
2026-10-02T23:30:00,15799,1,2026-10-03T21:24:58Z
2026-10-02T23:45:00,15740,1,2026-10-03T21:24:58Z
2026-10-03T00:00:00,15569,1,2026-10-04T21:37:03Z
2026-10-03T00:15:00,15465,1,2026-10-04T21:37:03Z
2026-10-03T00:30:00,15220,1,2026-10-04T21:37:03Z
2026-10-03T00:45:00,15289,1,2026-10-04T21:37:03Z
2026-10-03T01:00:00,15175,1,2026-10-04T21:37:03Z
2026-10-03T01:15:00,15064,1,2026-10-04T21:37:03Z
2026-10-03T01:30:00,14886,1,2026-10-04T21:37:03Z
2026-10-03T01:45:00,15042,1,2026-10-04T21:37:03Z
2026-10-03T02:00:00,15055,1,2026-10-04T21:37:03Z
2026-10-03T02:15:00,15023,1,2026-10-04T21:37:03Z
2026-10-03T02:30:00,14763,1,2026-10-04T21:37:03Z
2026-10-03T02:45:00,14846,1,2026-10-04T21:37:03Z
2026-10-03T03:00:00,14705,1,2026-10-04T21:37:03Z
2026-10-03T03:15:00,14757,1,2026-10-04T21:37:03Z
2026-10-03T03:30:00,14836,1,2026-10-04T21:37:03Z
2026-10-03T03:45:00,14824,1,2026-10-04T21:37:03Z
2026-10-03T04:00:00,14839,1,2026-10-04T21:37:03Z
2026-10-03T04:15:00,14800,1,2026-10-04T21:37:03Z
2026-10-03T04:30:00,14849,1,2026-10-04T21:37:03Z
2026-10-03T04:45:00,15036,1,2026-10-04T21:37:03Z
2026-10-03T05:00:00,15114,1,2026-10-04T21:37:03Z
2026-10-03T05:15:00,15227,1,2026-10-04T21:37:03Z
2026-10-03T05:30:00,15210,1,2026-10-04T21:37:03Z
2026-10-03T05:45:00,15433,1,2026-10-04T21:37:03Z
2026-10-03T06:00:00,15614,1,2026-10-04T21:37:03Z
2026-10-03T06:15:00,15957,1,2026-10-04T21:37:03Z
2026-10-03T06:30:00,16010,1,2026-10-04T21:37:03Z
2026-10-03T06:45:00,16295,1,2026-10-04T21:37:03Z
2026-10-03T07:00:00,16354,1,2026-10-04T21:37:03Z
2026-10-03T07:15:00,16713,1,2026-10-04T21:37:03Z
2026-10-03T07:30:00,16654,1,2026-10-04T21:37:03Z
2026-10-03T07:45:00,16923,1,2026-10-04T21:37:03Z
2026-10-03T08:00:00,17089,1,2026-10-04T21:37:03Z
2026-10-03T08:15:00,17327,1,2026-10-04T21:37:03Z
2026-10-03T08:30:00,17462,1,2026-10-04T21:37:03Z
2026-10-03T08:45:00,17660,1,2026-10-04T21:37:03Z
2026-10-03T09:00:00,17818,1,2026-10-04T21:37:03Z
2026-10-03T09:15:00,17750,1,2026-10-04T21:37:03Z
2026-10-03T09:30:00,17864,1,2026-10-04T21:37:03Z
2026-10-03T09:45:00,17892,1,2026-10-04T21:37:03Z
2026-10-03T10:00:00,17463,1,2026-10-04T21:37:03Z
2026-10-03T10:15:00,17713,1,2026-10-04T21:37:03Z
2026-10-03T10:30:00,17593,1,2026-10-04T21:37:03Z
2026-10-03T10:45:00,17632,1,2026-10-04T21:37:03Z
2026-10-03T11:00:00,17669,1,2026-10-04T21:37:03Z
2026-10-03T11:15:00,17724,1,2026-10-04T21:37:03Z
2026-10-03T11:30:00,17632,1,2026-10-04T21:37:03Z
2026-10-03T11:45:00,17722,1,2026-10-04T21:37:03Z
2026-10-03T12:00:00,17810,1,2026-10-04T21:37:03Z
2026-10-03T12:15:00,17733,1,2026-10-04T21:37:03Z
2026-10-03T12:30:00,17457,1,2026-10-04T21:37:03Z
2026-10-03T12:45:00,17541,1,2026-10-04T21:37:03Z
2026-10-03T13:00:00,17577,1,2026-10-04T21:37:03Z
2026-10-03T13:15:00,17406,1,2026-10-04T21:37:03Z
2026-10-03T13:30:00,17395,1,2026-10-04T21:37:03Z
2026-10-03T13:45:00,17212,1,2026-10-04T21:37:03Z
2026-10-03T14:00:00,17176,1,2026-10-04T21:37:03Z
2026-10-03T14:15:00,17119,1,2026-10-04T21:37:03Z
2026-10-03T14:30:00,17061,1,2026-10-04T21:37:03Z
2026-10-03T14:45:00,17007,1,2026-10-04T21:37:03Z
2026-10-03T15:00:00,16925,1,2026-10-04T21:37:03Z
2026-10-03T15:15:00,16973,1,2026-10-04T21:37:03Z
2026-10-03T15:30:00,17063,1,2026-10-04T21:37:03Z
2026-10-03T15:45:00,17085,1,2026-10-04T21:37:03Z
2026-10-03T16:00:00,17115,1,2026-10-04T21:37:03Z
2026-10-03T16:15:00,17219,1,2026-10-04T21:37:03Z
2026-10-03T16:30:00,17412,1,2026-10-04T21:37:03Z
2026-10-03T16:45:00,17369,1,2026-10-04T21:37:03Z
2026-10-03T17:00:00,17303,1,2026-10-04T21:37:03Z
2026-10-03T17:15:00,17430,1,2026-10-04T21:37:03Z
2026-10-03T17:30:00,17706,1,2026-10-04T21:37:03Z
2026-10-03T17:45:00,17738,1,2026-10-04T21:37:03Z
2026-10-03T18:00:00,17851,1,2026-10-04T21:37:03Z
2026-10-03T18:15:00,17979,1,2026-10-04T21:37:03Z
2026-10-03T18:30:00,18118,1,2026-10-04T21:37:03Z
2026-10-03T18:45:00,18305,1,2026-10-04T21:37:03Z
2026-10-03T19:00:00,18399,1,2026-10-04T21:37:03Z
2026-10-03T19:15:00,18014,1,2026-10-04T21:37:03Z
2026-10-03T19:30:00,18010,1,2026-10-04T21:37:03Z
2026-10-03T19:45:00,18068,1,2026-10-04T21:37:03Z
2026-10-03T20:00:00,17935,1,2026-10-04T21:37:03Z
2026-10-03T20:15:00,17680,1,2026-10-04T21:37:03Z
2026-10-03T20:30:00,17407,1,2026-10-04T21:37:03Z
2026-10-03T20:45:00,17488,1,2026-10-04T21:37:03Z
2026-10-03T21:00:00,17451,1,2026-10-04T21:37:03Z
2026-10-03T21:15:00,17381,1,2026-10-04T21:37:03Z
2026-10-03T21:30:00,17156,1,2026-10-04T21:37:03Z
2026-10-03T21:45:00,17312,1,2026-10-04T21:37:03Z
2026-10-03T22:00:00,17220,1,2026-10-04T21:37:03Z
2026-10-03T22:15:00,17091,1,2026-10-04T21:37:03Z
2026-10-03T22:30:00,16698,1,2026-10-04T21:37:03Z
2026-10-03T22:45:00,16782,1,2026-10-04T21:37:03Z
2026-10-03T23:00:00,16628,1,2026-10-04T21:37:03Z
2026-10-03T23:15:00,16462,1,2026-10-04T21:37:03Z
2026-10-03T23:30:00,16148,1,2026-10-04T21:37:03Z
2026-10-03T23:45:00,16142,1,2026-10-04T21:37:03Z
2026-10-04T00:00:00,16088,1,2026-10-06T00:08:40Z
2026-10-04T00:15:00,15947,1,2026-10-06T00:08:40Z
2026-10-04T00:30:00,15787,1,2026-10-06T00:08:40Z
2026-10-04T00:45:00,15872,1,2026-10-06T00:08:40Z
2026-10-04T01:00:00,15844,1,2026-10-06T00:08:40Z
2026-10-04T01:15:00,15684,1,2026-10-06T00:08:40Z
2026-10-04T01:30:00,15590,1,2026-10-06T00:08:40Z
2026-10-04T01:45:00,15675,1,2026-10-06T00:08:40Z
2026-10-04T02:00:00,15495,1,2026-10-06T00:08:40Z
2026-10-04T02:15:00,15626,1,2026-10-06T00:08:40Z
2026-10-04T02:30:00,15640,1,2026-10-06T00:08:40Z
2026-10-04T02:45:00,15650,1,2026-10-06T00:08:40Z
2026-10-04T03:00:00,15409,1,2026-10-06T00:08:40Z
2026-10-04T03:15:00,15437,1,2026-10-06T00:08:40Z
2026-10-04T03:30:00,15449,1,2026-10-06T00:08:40Z
2026-10-04T03:45:00,15545,1,2026-10-06T00:08:40Z
2026-10-04T04:00:00,15674,1,2026-10-06T00:08:40Z
2026-10-04T04:15:00,15797,1,2026-10-06T00:08:40Z
2026-10-04T04:30:00,15731,1,2026-10-06T00:08:40Z
2026-10-04T04:45:00,15778,1,2026-10-06T00:08:40Z
2026-10-04T05:00:00,15821,1,2026-10-06T00:08:40Z
2026-10-04T05:15:00,16099,1,2026-10-06T00:08:40Z
2026-10-04T05:30:00,16115,1,2026-10-06T00:08:40Z
2026-10-04T05:45:00,16288,1,2026-10-06T00:08:40Z
2026-10-04T06:00:00,16476,1,2026-10-06T00:08:40Z
2026-10-04T06:15:00,16485,1,2026-10-06T00:08:40Z
2026-10-04T06:30:00,16729,1,2026-10-06T00:08:40Z
2026-10-04T06:45:00,16905,1,2026-10-06T00:08:40Z
2026-10-04T07:00:00,17116,1,2026-10-06T00:08:40Z
2026-10-04T07:15:00,17256,1,2026-10-06T00:08:40Z
2026-10-04T07:30:00,17655,1,2026-10-06T00:08:40Z
2026-10-04T07:45:00,18015,1,2026-10-06T00:08:40Z
2026-10-04T08:00:00,18082,1,2026-10-06T00:08:40Z
2026-10-04T08:15:00,18113,1,2026-10-06T00:08:40Z
2026-10-04T08:30:00,18227,1,2026-10-06T00:08:40Z
2026-10-04T08:45:00,18443,1,2026-10-06T00:08:40Z
2026-10-04T09:00:00,18615,1,2026-10-06T00:08:40Z
2026-10-04T09:15:00,18618,1,2026-10-06T00:08:40Z
2026-10-04T09:30:00,18662,1,2026-10-06T00:08:40Z
2026-10-04T09:45:00,18767,1,2026-10-06T00:08:40Z
2026-10-04T10:00:00,18723,1,2026-10-06T00:08:40Z
2026-10-04T10:15:00,18730,1,2026-10-06T00:08:40Z
2026-10-04T10:30:00,18414,1,2026-10-06T00:08:40Z
2026-10-04T10:45:00,18428,1,2026-10-06T00:08:40Z
2026-10-04T11:00:00,18343,1,2026-10-06T00:08:40Z
2026-10-04T11:15:00,18601,1,2026-10-06T00:08:40Z
2026-10-04T11:30:00,18653,1,2026-10-06T00:08:40Z
2026-10-04T11:45:00,18730,1,2026-10-06T00:08:40Z
2026-10-04T12:00:00,18543,1,2026-10-06T00:08:40Z
2026-10-04T12:15:00,18581,1,2026-10-06T00:08:40Z
2026-10-04T12:30:00,18411,1,2026-10-06T00:08:40Z
2026-10-04T12:45:00,18380,1,2026-10-06T00:08:40Z
2026-10-04T13:00:00,18339,1,2026-10-06T00:08:40Z
2026-10-04T13:15:00,18225,1,2026-10-06T00:08:40Z
2026-10-04T13:30:00,18043,1,2026-10-06T00:08:40Z
2026-10-04T13:45:00,17932,1,2026-10-06T00:08:40Z
2026-10-04T14:00:00,17880,1,2026-10-06T00:08:40Z
2026-10-04T14:15:00,17787,1,2026-10-06T00:08:40Z
2026-10-04T14:30:00,17628,1,2026-10-06T00:08:40Z
2026-10-04T14:45:00,17609,1,2026-10-06T00:08:40Z
2026-10-04T15:00:00,17727,1,2026-10-06T00:08:40Z
2026-10-04T15:15:00,17792,1,2026-10-06T00:08:40Z
2026-10-04T15:30:00,17910,1,2026-10-06T00:08:40Z
2026-10-04T15:45:00,17774,1,2026-10-06T00:08:40Z
2026-10-04T16:00:00,17732,1,2026-10-06T00:08:40Z
2026-10-04T16:15:00,18051,1,2026-10-06T00:08:40Z
2026-10-04T16:30:00,18430,1,2026-10-06T00:08:40Z
2026-10-04T16:45:00,18691,1,2026-10-06T00:08:40Z
2026-10-04T17:00:00,18716,1,2026-10-06T00:08:40Z
2026-10-04T17:15:00,18991,1,2026-10-06T00:08:40Z
2026-10-04T17:30:00,18992,1,2026-10-06T00:08:40Z
2026-10-04T17:45:00,19163,1,2026-10-06T00:08:40Z
2026-10-04T18:00:00,19401,1,2026-10-06T00:08:40Z
2026-10-04T18:15:00,19608,1,2026-10-06T00:08:40Z
2026-10-04T18:30:00,19613,1,2026-10-06T00:08:40Z
2026-10-04T18:45:00,19637,1,2026-10-06T00:08:40Z
2026-10-04T19:00:00,19397,1,2026-10-06T00:08:40Z
2026-10-04T19:15:00,19247,1,2026-10-06T00:08:40Z
2026-10-04T19:30:00,19018,1,2026-10-06T00:08:40Z
2026-10-04T19:45:00,18882,1,2026-10-06T00:08:40Z
2026-10-04T20:00:00,18612,1,2026-10-06T00:08:40Z
2026-10-04T20:15:00,18292,1,2026-10-06T00:08:40Z
2026-10-04T20:30:00,18229,1,2026-10-06T00:08:40Z
2026-10-04T20:45:00,18228,1,2026-10-06T00:08:40Z
2026-10-04T21:00:00,18065,1,2026-10-06T00:08:40Z
2026-10-04T21:15:00,17796,1,2026-10-06T00:08:40Z
2026-10-04T21:30:00,17588,1,2026-10-06T00:08:40Z
2026-10-04T21:45:00,17427,1,2026-10-06T00:08:40Z
2026-10-04T22:00:00,17210,1,2026-10-06T00:08:40Z
2026-10-04T22:15:00,16978,1,2026-10-06T00:08:40Z
2026-10-04T22:30:00,16693,1,2026-10-06T00:08:40Z
2026-10-04T22:45:00,16588,1,2026-10-06T00:08:40Z
2026-10-04T23:00:00,16364,1,2026-10-06T00:08:40Z
2026-10-04T23:15:00,16102,1,2026-10-06T00:08:40Z
2026-10-04T23:30:00,15721,1,2026-10-06T00:08:40Z
2026-10-04T23:45:00,15760,1,2026-10-06T00:08:40Z
2026-10-05T00:00:00,15599,1,2026-10-06T18:28:05Z
2026-10-05T00:15:00,15619,1,2026-10-06T18:28:05Z
2026-10-05T00:30:00,15541,1,2026-10-06T18:28:05Z
2026-10-05T00:45:00,15514,1,2026-10-06T18:28:05Z
2026-10-05T01:00:00,15367,1,2026-10-06T18:28:05Z
2026-10-05T01:15:00,15264,1,2026-10-06T18:28:05Z
2026-10-05T01:30:00,15126,1,2026-10-06T18:28:05Z
2026-10-05T01:45:00,14921,1,2026-10-06T18:28:05Z
2026-10-05T02:00:00,15035,1,2026-10-06T18:28:05Z
2026-10-05T02:15:00,15008,1,2026-10-06T18:28:05Z
2026-10-05T02:30:00,15060,1,2026-10-06T18:28:05Z
2026-10-05T02:45:00,15126,1,2026-10-06T18:28:05Z
2026-10-05T03:00:00,14971,1,2026-10-06T18:28:05Z
2026-10-05T03:15:00,14971,1,2026-10-06T18:28:05Z
2026-10-05T03:30:00,14961,1,2026-10-06T18:28:05Z
2026-10-05T03:45:00,15075,1,2026-10-06T18:28:05Z
2026-10-05T04:00:00,15079,1,2026-10-06T18:28:05Z
2026-10-05T04:15:00,15043,1,2026-10-06T18:28:05Z
2026-10-05T04:30:00,15108,1,2026-10-06T18:28:05Z
2026-10-05T04:45:00,15309,1,2026-10-06T18:28:05Z
2026-10-05T05:00:00,15454,1,2026-10-06T18:28:05Z
2026-10-05T05:15:00,15555,1,2026-10-06T18:28:05Z
2026-10-05T05:30:00,15656,1,2026-10-06T18:28:05Z
2026-10-05T05:45:00,16169,1,2026-10-06T18:28:05Z
2026-10-05T06:00:00,16588,1,2026-10-06T18:28:05Z
2026-10-05T06:15:00,17166,1,2026-10-06T18:28:05Z
2026-10-05T06:30:00,17126,1,2026-10-06T18:28:05Z
2026-10-05T06:45:00,17547,1,2026-10-06T18:28:05Z
2026-10-05T07:00:00,17949,1,2026-10-06T18:28:05Z
2026-10-05T07:15:00,18383,1,2026-10-06T18:28:05Z
2026-10-05T07:30:00,18411,1,2026-10-06T18:28:05Z
2026-10-05T07:45:00,18710,1,2026-10-06T18:28:05Z
2026-10-05T08:00:00,19015,1,2026-10-06T18:28:05Z
2026-10-05T08:15:00,19215,1,2026-10-06T18:28:05Z
2026-10-05T08:30:00,18704,1,2026-10-06T18:28:05Z
2026-10-05T08:45:00,18888,1,2026-10-06T18:28:05Z
2026-10-05T09:00:00,19093,1,2026-10-06T18:28:05Z
2026-10-05T09:15:00,19308,1,2026-10-06T18:28:05Z
2026-10-05T09:30:00,19216,1,2026-10-06T18:28:05Z
2026-10-05T09:45:00,18899,1,2026-10-06T18:28:05Z
2026-10-05T10:00:00,18995,1,2026-10-06T18:28:05Z
2026-10-05T10:15:00,18992,1,2026-10-06T18:28:05Z
2026-10-05T10:30:00,19176,1,2026-10-06T18:28:05Z
2026-10-05T10:45:00,18995,1,2026-10-06T18:28:05Z
2026-10-05T11:00:00,19154,1,2026-10-06T18:28:05Z
2026-10-05T11:15:00,19077,1,2026-10-06T18:28:05Z
2026-10-05T11:30:00,19194,1,2026-10-06T18:28:05Z
2026-10-05T11:45:00,19136,1,2026-10-06T18:28:05Z
2026-10-05T12:00:00,19171,1,2026-10-06T18:28:05Z
2026-10-05T12:15:00,19003,1,2026-10-06T18:28:05Z
2026-10-05T12:30:00,18799,1,2026-10-06T18:28:05Z
2026-10-05T12:45:00,19051,1,2026-10-06T18:28:05Z
2026-10-05T13:00:00,19052,1,2026-10-06T18:28:05Z
2026-10-05T13:15:00,18985,1,2026-10-06T18:28:05Z
2026-10-05T13:30:00,18935,1,2026-10-06T18:28:05Z
2026-10-05T13:45:00,18897,1,2026-10-06T18:28:05Z
2026-10-05T14:00:00,18752,1,2026-10-06T18:28:05Z
2026-10-05T14:15:00,18725,1,2026-10-06T18:28:05Z
2026-10-05T14:30:00,18752,1,2026-10-06T18:28:05Z
2026-10-05T14:45:00,18796,1,2026-10-06T18:28:05Z
2026-10-05T15:00:00,18603,1,2026-10-06T18:28:05Z
2026-10-05T15:15:00,18575,1,2026-10-06T18:28:05Z
2026-10-05T15:30:00,18626,1,2026-10-06T18:28:05Z
2026-10-05T15:45:00,18667,1,2026-10-06T18:28:05Z
2026-10-05T16:00:00,18599,1,2026-10-06T18:28:05Z
2026-10-05T16:15:00,18698,1,2026-10-06T18:28:05Z
2026-10-05T16:30:00,18888,1,2026-10-06T18:28:05Z
2026-10-05T16:45:00,19227,1,2026-10-06T18:28:05Z
2026-10-05T17:00:00,19272,1,2026-10-06T18:28:05Z
2026-10-05T17:15:00,19596,1,2026-10-06T18:28:05Z
2026-10-05T17:30:00,19854,1,2026-10-06T18:28:05Z
2026-10-05T17:45:00,20067,1,2026-10-06T18:28:05Z
2026-10-05T18:00:00,19997,1,2026-10-06T18:28:05Z
2026-10-05T18:15:00,20141,1,2026-10-06T18:28:05Z
2026-10-05T18:30:00,20351,1,2026-10-06T18:28:05Z
2026-10-05T18:45:00,20517,1,2026-10-06T18:28:05Z
2026-10-05T19:00:00,20559,1,2026-10-06T18:28:05Z
2026-10-05T19:15:00,20487,1,2026-10-06T18:28:05Z
2026-10-05T19:30:00,20513,1,2026-10-06T18:28:05Z
2026-10-05T19:45:00,20374,1,2026-10-06T18:28:05Z
2026-10-05T20:00:00,20219,1,2026-10-06T18:28:05Z
2026-10-05T20:15:00,20051,1,2026-10-06T18:28:05Z
2026-10-05T20:30:00,19903,1,2026-10-06T18:28:05Z
2026-10-05T20:45:00,19638,1,2026-10-06T18:28:05Z
2026-10-05T21:00:00,19250,1,2026-10-06T18:28:05Z
2026-10-05T21:15:00,19267,1,2026-10-06T18:28:05Z
2026-10-05T21:30:00,19167,1,2026-10-06T18:28:05Z
2026-10-05T21:45:00,18981,1,2026-10-06T18:28:05Z
2026-10-05T22:00:00,18684,1,2026-10-06T18:28:05Z
2026-10-05T22:15:00,18430,1,2026-10-06T18:28:05Z
2026-10-05T22:30:00,18389,1,2026-10-06T18:28:05Z
2026-10-05T22:45:00,17987,1,2026-10-06T18:28:05Z
2026-10-05T23:00:00,17528,1,2026-10-06T18:28:05Z
2026-10-05T23:15:00,17606,1,2026-10-06T18:28:05Z
2026-10-05T23:30:00,17349,1,2026-10-06T18:28:05Z
2026-10-05T23:45:00,17156,1,2026-10-06T18:28:05Z
2026-10-06T00:00:00,17087,1,2026-10-07T23:10:49Z
2026-10-06T00:15:00,16866,1,2026-10-07T23:10:49Z
2026-10-06T00:30:00,16736,1,2026-10-07T23:10:49Z
2026-10-06T00:45:00,16487,1,2026-10-07T23:10:49Z
2026-10-06T01:00:00,16451,1,2026-10-07T23:10:49Z
2026-10-06T01:15:00,16568,1,2026-10-07T23:10:49Z
2026-10-06T01:30:00,16496,1,2026-10-07T23:10:49Z
2026-10-06T01:45:00,16404,1,2026-10-07T23:10:49Z
2026-10-06T02:00:00,16243,1,2026-10-07T23:10:49Z
2026-10-06T02:15:00,16425,1,2026-10-07T23:10:49Z
2026-10-06T02:30:00,16469,1,2026-10-07T23:10:49Z
2026-10-06T02:45:00,16509,1,2026-10-07T23:10:49Z
2026-10-06T03:00:00,16292,1,2026-10-07T23:10:49Z
2026-10-06T03:15:00,16425,1,2026-10-07T23:10:49Z
2026-10-06T03:30:00,16525,1,2026-10-07T23:10:49Z
2026-10-06T03:45:00,16616,1,2026-10-07T23:10:49Z
2026-10-06T04:00:00,16584,1,2026-10-07T23:10:49Z
2026-10-06T04:15:00,16507,1,2026-10-07T23:10:49Z
2026-10-06T04:30:00,16742,1,2026-10-07T23:10:49Z
2026-10-06T04:45:00,16860,1,2026-10-07T23:10:49Z
2026-10-06T05:00:00,16957,1,2026-10-07T23:10:49Z
2026-10-06T05:15:00,17331,1,2026-10-07T23:10:49Z
2026-10-06T05:30:00,17570,1,2026-10-07T23:10:49Z
2026-10-06T05:45:00,17959,1,2026-10-07T23:10:49Z
2026-10-06T06:00:00,18391,1,2026-10-07T23:10:49Z
2026-10-06T06:15:00,18871,1,2026-10-07T23:10:49Z
2026-10-06T06:30:00,19350,1,2026-10-07T23:10:49Z
2026-10-06T06:45:00,19842,1,2026-10-07T23:10:49Z
2026-10-06T07:00:00,19983,1,2026-10-07T23:10:49Z
2026-10-06T07:15:00,20660,1,2026-10-07T23:10:49Z
2026-10-06T07:30:00,20834,1,2026-10-07T23:10:49Z
2026-10-06T07:45:00,20910,1,2026-10-07T23:10:49Z
2026-10-06T08:00:00,20650,1,2026-10-07T23:10:49Z
2026-10-06T08:15:00,20691,1,2026-10-07T23:10:49Z
2026-10-06T08:30:00,20297,1,2026-10-07T23:10:49Z
2026-10-06T08:45:00,20147,1,2026-10-07T23:10:49Z
2026-10-06T09:00:00,20408,1,2026-10-07T23:10:49Z
2026-10-06T09:15:00,20278,1,2026-10-07T23:10:49Z
2026-10-06T09:30:00,20198,1,2026-10-07T23:10:49Z
2026-10-06T09:45:00,20186,1,2026-10-07T23:10:49Z
2026-10-06T10:00:00,20176,1,2026-10-07T23:10:49Z
2026-10-06T10:15:00,19903,1,2026-10-07T23:10:49Z
2026-10-06T10:30:00,19843,1,2026-10-07T23:10:49Z
2026-10-06T10:45:00,19926,1,2026-10-07T23:10:49Z
2026-10-06T11:00:00,19791,1,2026-10-07T23:10:49Z
2026-10-06T11:15:00,19709,1,2026-10-07T23:10:49Z
2026-10-06T11:30:00,19802,1,2026-10-07T23:10:49Z
2026-10-06T11:45:00,19733,1,2026-10-07T23:10:49Z
2026-10-06T12:00:00,19661,1,2026-10-07T23:10:49Z
2026-10-06T12:15:00,19438,1,2026-10-07T23:10:49Z
2026-10-06T12:30:00,19391,1,2026-10-07T23:10:49Z
2026-10-06T12:45:00,19452,1,2026-10-07T23:10:49Z
2026-10-06T13:00:00,19331,1,2026-10-07T23:10:49Z
2026-10-06T13:15:00,19256,1,2026-10-07T23:10:49Z
2026-10-06T13:30:00,19244,1,2026-10-07T23:10:49Z
2026-10-06T13:45:00,19052,1,2026-10-07T23:10:49Z
2026-10-06T14:00:00,18991,1,2026-10-07T23:10:49Z
2026-10-06T14:15:00,18872,1,2026-10-07T23:10:49Z
2026-10-06T14:30:00,18721,1,2026-10-07T23:10:49Z
2026-10-06T14:45:00,18582,1,2026-10-07T23:10:49Z
2026-10-06T15:00:00,18526,1,2026-10-07T23:10:49Z
2026-10-06T15:15:00,18550,1,2026-10-07T23:10:49Z
2026-10-06T15:30:00,18737,1,2026-10-07T23:10:49Z
2026-10-06T15:45:00,18863,1,2026-10-07T23:10:49Z
2026-10-06T16:00:00,18836,1,2026-10-07T23:10:49Z
2026-10-06T16:15:00,18792,1,2026-10-07T23:10:49Z
2026-10-06T16:30:00,18832,1,2026-10-07T23:10:49Z
2026-10-06T16:45:00,19169,1,2026-10-07T23:10:49Z
2026-10-06T17:00:00,19378,1,2026-10-07T23:10:49Z
2026-10-06T17:15:00,19639,1,2026-10-07T23:10:49Z
2026-10-06T17:30:00,19849,1,2026-10-07T23:10:49Z
2026-10-06T17:45:00,20194,1,2026-10-07T23:10:49Z
2026-10-06T18:00:00,20409,1,2026-10-07T23:10:49Z
2026-10-06T18:15:00,20503,1,2026-10-07T23:10:49Z
2026-10-06T18:30:00,20621,1,2026-10-07T23:10:49Z
2026-10-06T18:45:00,20796,1,2026-10-07T23:10:49Z
2026-10-06T19:00:00,20712,1,2026-10-07T23:10:49Z
2026-10-06T19:15:00,20366,1,2026-10-07T23:10:49Z
2026-10-06T19:30:00,20294,1,2026-10-07T23:10:49Z
2026-10-06T19:45:00,20356,1,2026-10-07T23:10:49Z
2026-10-06T20:00:00,20231,1,2026-10-07T23:10:49Z
2026-10-06T20:15:00,20286,1,2026-10-07T23:10:49Z
2026-10-06T20:30:00,19971,1,2026-10-07T23:10:49Z
2026-10-06T20:45:00,19931,1,2026-10-07T23:10:49Z
2026-10-06T21:00:00,19701,1,2026-10-07T23:10:49Z
2026-10-06T21:15:00,19641,1,2026-10-07T23:10:49Z
2026-10-06T21:30:00,19342,1,2026-10-07T23:10:49Z
2026-10-06T21:45:00,19035,1,2026-10-07T23:10:49Z
2026-10-06T22:00:00,18972,1,2026-10-07T23:10:49Z
2026-10-06T22:15:00,18860,1,2026-10-07T23:10:49Z
2026-10-06T22:30:00,18567,1,2026-10-07T23:10:49Z
2026-10-06T22:45:00,18237,1,2026-10-07T23:10:49Z
2026-10-06T23:00:00,18149,1,2026-10-07T23:10:49Z
2026-10-06T23:15:00,17870,1,2026-10-07T23:10:49Z
2026-10-06T23:30:00,17544,1,2026-10-07T23:10:49Z
2026-10-06T23:45:00,17342,1,2026-10-07T23:10:49Z
2026-10-07T00:00:00,17400,1,2026-10-08T23:26:49Z
2026-10-07T00:15:00,17365,1,2026-10-08T23:26:49Z
2026-10-07T00:30:00,17170,1,2026-10-08T23:26:49Z
2026-10-07T00:45:00,17077,1,2026-10-08T23:26:49Z
2026-10-07T01:00:00,17152,1,2026-10-08T23:26:49Z
2026-10-07T01:15:00,17135,1,2026-10-08T23:26:49Z
2026-10-07T01:30:00,16931,1,2026-10-08T23:26:49Z
2026-10-07T01:45:00,16802,1,2026-10-08T23:26:49Z
2026-10-07T02:00:00,16826,1,2026-10-08T23:26:49Z
2026-10-07T02:15:00,16746,1,2026-10-08T23:26:49Z
2026-10-07T02:30:00,16936,1,2026-10-08T23:26:49Z
2026-10-07T02:45:00,16846,1,2026-10-08T23:26:49Z
2026-10-07T03:00:00,16810,1,2026-10-08T23:26:49Z
2026-10-07T03:15:00,16847,1,2026-10-08T23:26:49Z
2026-10-07T03:30:00,16836,1,2026-10-08T23:26:49Z
2026-10-07T03:45:00,16907,1,2026-10-08T23:26:49Z
2026-10-07T04:00:00,16946,1,2026-10-08T23:26:49Z
2026-10-07T04:15:00,16954,1,2026-10-08T23:26:49Z
2026-10-07T04:30:00,16994,1,2026-10-08T23:26:49Z
2026-10-07T04:45:00,17282,1,2026-10-08T23:26:49Z
2026-10-07T05:00:00,17394,1,2026-10-08T23:26:49Z
2026-10-07T05:15:00,17599,1,2026-10-08T23:26:49Z
2026-10-07T05:30:00,17832,1,2026-10-08T23:26:49Z
2026-10-07T05:45:00,18225,1,2026-10-08T23:26:49Z
2026-10-07T06:00:00,18556,1,2026-10-08T23:26:49Z
2026-10-07T06:15:00,19334,1,2026-10-08T23:26:49Z
2026-10-07T06:30:00,19708,1,2026-10-08T23:26:49Z
2026-10-07T06:45:00,20022,1,2026-10-08T23:26:49Z
2026-10-07T07:00:00,20199,1,2026-10-08T23:26:49Z
2026-10-07T07:15:00,20674,1,2026-10-08T23:26:49Z
2026-10-07T07:30:00,21028,1,2026-10-08T23:26:49Z
2026-10-07T07:45:00,20960,1,2026-10-08T23:26:49Z
2026-10-07T08:00:00,20965,1,2026-10-08T23:26:49Z
2026-10-07T08:15:00,20960,1,2026-10-08T23:26:49Z
2026-10-07T08:30:00,20913,1,2026-10-08T23:26:49Z
2026-10-07T08:45:00,20831,1,2026-10-08T23:26:49Z
2026-10-07T09:00:00,20715,1,2026-10-08T23:26:49Z
2026-10-07T09:15:00,20643,1,2026-10-08T23:26:49Z
2026-10-07T09:30:00,20702,1,2026-10-08T23:26:49Z
2026-10-07T09:45:00,20503,1,2026-10-08T23:26:49Z
2026-10-07T10:00:00,20476,1,2026-10-08T23:26:49Z
2026-10-07T10:15:00,20057,1,2026-10-08T23:26:49Z
2026-10-07T10:30:00,20220,1,2026-10-08T23:26:49Z
2026-10-07T10:45:00,20205,1,2026-10-08T23:26:49Z
2026-10-07T11:00:00,20308,1,2026-10-08T23:26:49Z
2026-10-07T11:15:00,20298,1,2026-10-08T23:26:49Z
2026-10-07T11:30:00,20242,1,2026-10-08T23:26:49Z
2026-10-07T11:45:00,20068,1,2026-10-08T23:26:49Z
2026-10-07T12:00:00,20009,1,2026-10-08T23:26:49Z
2026-10-07T12:15:00,19836,1,2026-10-08T23:26:49Z
2026-10-07T12:30:00,19749,1,2026-10-08T23:26:49Z
2026-10-07T12:45:00,19627,1,2026-10-08T23:26:49Z
2026-10-07T13:00:00,19714,1,2026-10-08T23:26:49Z
2026-10-07T13:15:00,19747,1,2026-10-08T23:26:49Z
2026-10-07T13:30:00,19739,1,2026-10-08T23:26:49Z
2026-10-07T13:45:00,19696,1,2026-10-08T23:26:49Z
2026-10-07T14:00:00,19348,1,2026-10-08T23:26:49Z
2026-10-07T14:15:00,19505,1,2026-10-08T23:26:49Z
2026-10-07T14:30:00,19345,1,2026-10-08T23:26:49Z
2026-10-07T14:45:00,19230,1,2026-10-08T23:26:49Z
2026-10-07T15:00:00,19158,1,2026-10-08T23:26:49Z
2026-10-07T15:15:00,19105,1,2026-10-08T23:26:49Z
2026-10-07T15:30:00,19226,1,2026-10-08T23:26:49Z
2026-10-07T15:45:00,19545,1,2026-10-08T23:26:49Z
2026-10-07T16:00:00,19610,1,2026-10-08T23:26:49Z
2026-10-07T16:15:00,19692,1,2026-10-08T23:26:49Z
2026-10-07T16:30:00,19838,1,2026-10-08T23:26:49Z
2026-10-07T16:45:00,20090,1,2026-10-08T23:26:49Z
2026-10-07T17:00:00,20428,1,2026-10-08T23:26:49Z
2026-10-07T17:15:00,20637,1,2026-10-08T23:26:49Z
2026-10-07T17:30:00,20674,1,2026-10-08T23:26:49Z
2026-10-07T17:45:00,20949,1,2026-10-08T23:26:49Z
2026-10-07T18:00:00,21185,1,2026-10-08T23:26:49Z
2026-10-07T18:15:00,20849,1,2026-10-08T23:26:49Z
2026-10-07T18:30:00,20814,1,2026-10-08T23:26:49Z
2026-10-07T18:45:00,20903,1,2026-10-08T23:26:49Z
2026-10-07T19:00:00,20943,1,2026-10-08T23:26:49Z
2026-10-07T19:15:00,20771,1,2026-10-08T23:26:49Z
2026-10-07T19:30:00,20593,1,2026-10-08T23:26:49Z
2026-10-07T19:45:00,20462,1,2026-10-08T23:26:49Z
2026-10-07T20:00:00,20372,1,2026-10-08T23:26:49Z
2026-10-07T20:15:00,20390,1,2026-10-08T23:26:49Z
2026-10-07T20:30:00,20197,1,2026-10-08T23:26:49Z
2026-10-07T20:45:00,19952,1,2026-10-08T23:26:49Z
2026-10-07T21:00:00,19799,1,2026-10-08T23:26:49Z
2026-10-07T21:15:00,19512,1,2026-10-08T23:26:49Z
2026-10-07T21:30:00,19221,1,2026-10-08T23:26:49Z
2026-10-07T21:45:00,19010,1,2026-10-08T23:26:49Z
2026-10-07T22:00:00,18751,1,2026-10-08T23:26:49Z
2026-10-07T22:15:00,18354,1,2026-10-08T23:26:49Z
2026-10-07T22:30:00,18282,1,2026-10-08T23:26:49Z
2026-10-07T22:45:00,18127,1,2026-10-08T23:26:49Z
2026-10-07T23:00:00,17785,1,2026-10-08T23:26:49Z
2026-10-07T23:15:00,17810,1,2026-10-08T23:26:49Z
2026-10-07T23:30:00,17215,1,2026-10-08T23:26:49Z
2026-10-07T23:45:00,17195,1,2026-10-08T23:26:49Z
2026-10-08T00:00:00,16950,1,2026-10-09T18:24:55Z
2026-10-08T00:15:00,16800,1,2026-10-09T18:24:55Z
2026-10-08T00:30:00,16528,1,2026-10-09T18:24:55Z
2026-10-08T00:45:00,16394,1,2026-10-09T18:24:55Z
2026-10-08T01:00:00,16556,1,2026-10-09T18:24:55Z
2026-10-08T01:15:00,16472,1,2026-10-09T18:24:55Z
2026-10-08T01:30:00,16124,1,2026-10-09T18:24:55Z
2026-10-08T01:45:00,16097,1,2026-10-09T18:24:55Z
2026-10-08T02:00:00,16049,1,2026-10-09T18:24:55Z
2026-10-08T02:15:00,16068,1,2026-10-09T18:24:55Z
2026-10-08T02:30:00,16076,1,2026-10-09T18:24:55Z
2026-10-08T02:45:00,15857,1,2026-10-09T18:24:55Z
2026-10-08T03:00:00,16109,1,2026-10-09T18:24:55Z
2026-10-08T03:15:00,15797,1,2026-10-09T18:24:55Z
2026-10-08T03:30:00,15876,1,2026-10-09T18:24:55Z
2026-10-08T03:45:00,15991,1,2026-10-09T18:24:55Z
2026-10-08T04:00:00,16011,1,2026-10-09T18:24:55Z
2026-10-08T04:15:00,16066,1,2026-10-09T18:24:55Z
2026-10-08T04:30:00,16191,1,2026-10-09T18:24:55Z
2026-10-08T04:45:00,16389,1,2026-10-09T18:24:55Z
2026-10-08T05:00:00,16457,1,2026-10-09T18:24:55Z
2026-10-08T05:15:00,16409,1,2026-10-09T18:24:55Z
2026-10-08T05:30:00,16745,1,2026-10-09T18:24:55Z
2026-10-08T05:45:00,17133,1,2026-10-09T18:24:55Z
2026-10-08T06:00:00,17491,1,2026-10-09T18:24:55Z
2026-10-08T06:15:00,18077,1,2026-10-09T18:24:55Z
2026-10-08T06:30:00,18352,1,2026-10-09T18:24:55Z
2026-10-08T06:45:00,18895,1,2026-10-09T18:24:55Z
2026-10-08T07:00:00,19193,1,2026-10-09T18:24:55Z
2026-10-08T07:15:00,19642,1,2026-10-09T18:24:55Z
2026-10-08T07:30:00,19691,1,2026-10-09T18:24:55Z
2026-10-08T07:45:00,19751,1,2026-10-09T18:24:55Z
2026-10-08T08:00:00,19880,1,2026-10-09T18:24:55Z
2026-10-08T08:15:00,19851,1,2026-10-09T18:24:55Z
2026-10-08T08:30:00,19896,1,2026-10-09T18:24:55Z
2026-10-08T08:45:00,19632,1,2026-10-09T18:24:55Z
2026-10-08T09:00:00,19708,1,2026-10-09T18:24:55Z
2026-10-08T09:15:00,19736,1,2026-10-09T18:24:55Z
2026-10-08T09:30:00,19694,1,2026-10-09T18:24:55Z
2026-10-08T09:45:00,19602,1,2026-10-09T18:24:55Z
2026-10-08T10:00:00,19674,1,2026-10-09T18:24:55Z
2026-10-08T10:15:00,19540,1,2026-10-09T18:24:55Z
2026-10-08T10:30:00,19538,1,2026-10-09T18:24:55Z
2026-10-08T10:45:00,19401,1,2026-10-09T18:24:55Z
2026-10-08T11:00:00,19248,1,2026-10-09T18:24:55Z
2026-10-08T11:15:00,19375,1,2026-10-09T18:24:55Z
2026-10-08T11:30:00,19309,1,2026-10-09T18:24:55Z
2026-10-08T11:45:00,19211,1,2026-10-09T18:24:55Z
2026-10-08T12:00:00,19034,1,2026-10-09T18:24:55Z
2026-10-08T12:15:00,18940,1,2026-10-09T18:24:55Z
2026-10-08T12:30:00,18879,1,2026-10-09T18:24:55Z
2026-10-08T12:45:00,18897,1,2026-10-09T18:24:55Z
2026-10-08T13:00:00,18963,1,2026-10-09T18:24:55Z
2026-10-08T13:15:00,18788,1,2026-10-09T18:24:55Z
2026-10-08T13:30:00,18813,1,2026-10-09T18:24:55Z
2026-10-08T13:45:00,18648,1,2026-10-09T18:24:55Z
2026-10-08T14:00:00,18774,1,2026-10-09T18:24:55Z
2026-10-08T14:15:00,18514,1,2026-10-09T18:24:55Z
2026-10-08T14:30:00,18614,1,2026-10-09T18:24:55Z
2026-10-08T14:45:00,18397,1,2026-10-09T18:24:55Z
2026-10-08T15:00:00,18393,1,2026-10-09T18:24:55Z
2026-10-08T15:15:00,18468,1,2026-10-09T18:24:55Z
2026-10-08T15:30:00,18314,1,2026-10-09T18:24:55Z
2026-10-08T15:45:00,18419,1,2026-10-09T18:24:55Z
2026-10-08T16:00:00,18556,1,2026-10-09T18:24:55Z
2026-10-08T16:15:00,18683,1,2026-10-09T18:24:55Z
2026-10-08T16:30:00,18592,1,2026-10-09T18:24:55Z
2026-10-08T16:45:00,18961,1,2026-10-09T18:24:55Z
2026-10-08T17:00:00,19186,1,2026-10-09T18:24:55Z
2026-10-08T17:15:00,19351,1,2026-10-09T18:24:55Z
2026-10-08T17:30:00,19288,1,2026-10-09T18:24:55Z
2026-10-08T17:45:00,19535,1,2026-10-09T18:24:55Z
2026-10-08T18:00:00,19515,1,2026-10-09T18:24:55Z
2026-10-08T18:15:00,19688,1,2026-10-09T18:24:55Z
2026-10-08T18:30:00,20091,1,2026-10-09T18:24:55Z
2026-10-08T18:45:00,20097,1,2026-10-09T18:24:55Z
2026-10-08T19:00:00,19938,1,2026-10-09T18:24:55Z
2026-10-08T19:15:00,19958,1,2026-10-09T18:24:55Z
2026-10-08T19:30:00,19997,1,2026-10-09T18:24:55Z
2026-10-08T19:45:00,19891,1,2026-10-09T18:24:55Z
2026-10-08T20:00:00,19772,1,2026-10-09T18:24:55Z
2026-10-08T20:15:00,19589,1,2026-10-09T18:24:55Z
2026-10-08T20:30:00,19439,1,2026-10-09T18:24:55Z
2026-10-08T20:45:00,19073,1,2026-10-09T18:24:55Z
2026-10-08T21:00:00,19042,1,2026-10-09T18:24:55Z
2026-10-08T21:15:00,18901,1,2026-10-09T18:24:55Z
2026-10-08T21:30:00,18812,1,2026-10-09T18:24:55Z
2026-10-08T21:45:00,18592,1,2026-10-09T18:24:55Z
2026-10-08T22:00:00,18411,1,2026-10-09T18:24:55Z
2026-10-08T22:15:00,18204,1,2026-10-09T18:24:55Z
2026-10-08T22:30:00,18000,1,2026-10-09T18:24:55Z
2026-10-08T22:45:00,17613,1,2026-10-09T18:24:55Z
2026-10-08T23:00:00,17493,1,2026-10-09T18:24:55Z
2026-10-08T23:15:00,17226,1,2026-10-09T18:24:55Z
2026-10-08T23:30:00,16987,1,2026-10-09T18:24:55Z
2026-10-08T23:45:00,16669,1,2026-10-09T18:24:55Z
2026-10-09T00:00:00,16616,1,2026-10-10T21:51:29Z
2026-10-09T00:15:00,16690,1,2026-10-10T21:51:29Z
2026-10-09T00:30:00,16395,1,2026-10-10T21:51:29Z
2026-10-09T00:45:00,16333,1,2026-10-10T21:51:29Z
2026-10-09T01:00:00,16050,1,2026-10-10T21:51:29Z
2026-10-09T01:15:00,16081,1,2026-10-10T21:51:29Z
2026-10-09T01:30:00,16096,1,2026-10-10T21:51:29Z
2026-10-09T01:45:00,16023,1,2026-10-10T21:51:29Z
2026-10-09T02:00:00,15888,1,2026-10-10T21:51:29Z
2026-10-09T02:15:00,15946,1,2026-10-10T21:51:29Z
2026-10-09T02:30:00,16000,1,2026-10-10T21:51:29Z
2026-10-09T02:45:00,15906,1,2026-10-10T21:51:29Z
2026-10-09T03:00:00,15836,1,2026-10-10T21:51:29Z
2026-10-09T03:15:00,15969,1,2026-10-10T21:51:29Z
2026-10-09T03:30:00,16099,1,2026-10-10T21:51:29Z
2026-10-09T03:45:00,16112,1,2026-10-10T21:51:29Z
2026-10-09T04:00:00,15945,1,2026-10-10T21:51:29Z
2026-10-09T04:15:00,16182,1,2026-10-10T21:51:29Z
2026-10-09T04:30:00,16338,1,2026-10-10T21:51:29Z
2026-10-09T04:45:00,16310,1,2026-10-10T21:51:29Z
2026-10-09T05:00:00,16291,1,2026-10-10T21:51:29Z
2026-10-09T05:15:00,16657,1,2026-10-10T21:51:29Z
2026-10-09T05:30:00,16836,1,2026-10-10T21:51:29Z
2026-10-09T05:45:00,17188,1,2026-10-10T21:51:29Z
2026-10-09T06:00:00,17358,1,2026-10-10T21:51:29Z
2026-10-09T06:15:00,17933,1,2026-10-10T21:51:29Z
2026-10-09T06:30:00,18593,1,2026-10-10T21:51:29Z
2026-10-09T06:45:00,18745,1,2026-10-10T21:51:29Z
2026-10-09T07:00:00,19365,1,2026-10-10T21:51:29Z
2026-10-09T07:15:00,19560,1,2026-10-10T21:51:29Z
2026-10-09T07:30:00,19547,1,2026-10-10T21:51:29Z
2026-10-09T07:45:00,19542,1,2026-10-10T21:51:29Z
2026-10-09T08:00:00,19670,1,2026-10-10T21:51:29Z
2026-10-09T08:15:00,19813,1,2026-10-10T21:51:29Z
2026-10-09T08:30:00,19860,1,2026-10-10T21:51:29Z
2026-10-09T08:45:00,19659,1,2026-10-10T21:51:29Z
2026-10-09T09:00:00,19689,1,2026-10-10T21:51:29Z
2026-10-09T09:15:00,19688,1,2026-10-10T21:51:29Z
2026-10-09T09:30:00,19830,1,2026-10-10T21:51:29Z
2026-10-09T09:45:00,19625,1,2026-10-10T21:51:29Z
2026-10-09T10:00:00,19632,1,2026-10-10T21:51:29Z
2026-10-09T10:15:00,19669,1,2026-10-10T21:51:29Z
2026-10-09T10:30:00,19677,1,2026-10-10T21:51:29Z
2026-10-09T10:45:00,19587,1,2026-10-10T21:51:29Z
2026-10-09T11:00:00,19696,1,2026-10-10T21:51:29Z
2026-10-09T11:15:00,19499,1,2026-10-10T21:51:29Z
2026-10-09T11:30:00,19422,1,2026-10-10T21:51:29Z
2026-10-09T11:45:00,19356,1,2026-10-10T21:51:29Z
2026-10-09T12:00:00,19353,1,2026-10-10T21:51:29Z
2026-10-09T12:15:00,19210,1,2026-10-10T21:51:29Z
2026-10-09T12:30:00,19029,1,2026-10-10T21:51:29Z
2026-10-09T12:45:00,19067,1,2026-10-10T21:51:29Z
2026-10-09T13:00:00,19079,1,2026-10-10T21:51:29Z
2026-10-09T13:15:00,18903,1,2026-10-10T21:51:29Z
2026-10-09T13:30:00,18840,1,2026-10-10T21:51:29Z
2026-10-09T13:45:00,18627,1,2026-10-10T21:51:29Z
2026-10-09T14:00:00,18586,1,2026-10-10T21:51:29Z
2026-10-09T14:15:00,18540,1,2026-10-10T21:51:29Z
2026-10-09T14:30:00,18554,1,2026-10-10T21:51:29Z
2026-10-09T14:45:00,18583,1,2026-10-10T21:51:29Z
2026-10-09T15:00:00,18624,1,2026-10-10T21:51:29Z
2026-10-09T15:15:00,18665,1,2026-10-10T21:51:29Z
2026-10-09T15:30:00,18732,1,2026-10-10T21:51:29Z
2026-10-09T15:45:00,18598,1,2026-10-10T21:51:29Z
2026-10-09T16:00:00,18689,1,2026-10-10T21:51:29Z
2026-10-09T16:15:00,18767,1,2026-10-10T21:51:29Z
2026-10-09T16:30:00,18986,1,2026-10-10T21:51:29Z
2026-10-09T16:45:00,19085,1,2026-10-10T21:51:29Z
2026-10-09T17:00:00,19333,1,2026-10-10T21:51:29Z
2026-10-09T17:15:00,19189,1,2026-10-10T21:51:29Z
2026-10-09T17:30:00,19551,1,2026-10-10T21:51:29Z
2026-10-09T17:45:00,19691,1,2026-10-10T21:51:29Z
2026-10-09T18:00:00,19907,1,2026-10-10T21:51:29Z
2026-10-09T18:15:00,19878,1,2026-10-10T21:51:29Z
2026-10-09T18:30:00,20051,1,2026-10-10T21:51:29Z
2026-10-09T18:45:00,20112,1,2026-10-10T21:51:29Z
2026-10-09T19:00:00,20083,1,2026-10-10T21:51:29Z
2026-10-09T19:15:00,19744,1,2026-10-10T21:51:29Z
2026-10-09T19:30:00,19819,1,2026-10-10T21:51:29Z
2026-10-09T19:45:00,19923,1,2026-10-10T21:51:29Z
2026-10-09T20:00:00,19718,1,2026-10-10T21:51:29Z
2026-10-09T20:15:00,19400,1,2026-10-10T21:51:29Z
2026-10-09T20:30:00,19357,1,2026-10-10T21:51:29Z
2026-10-09T20:45:00,19362,1,2026-10-10T21:51:29Z
2026-10-09T21:00:00,19219,1,2026-10-10T21:51:29Z
2026-10-09T21:15:00,19063,1,2026-10-10T21:51:29Z
2026-10-09T21:30:00,19022,1,2026-10-10T21:51:29Z
2026-10-09T21:45:00,19083,1,2026-10-10T21:51:29Z
2026-10-09T22:00:00,18825,1,2026-10-10T21:51:29Z
2026-10-09T22:15:00,18366,1,2026-10-10T21:51:29Z
2026-10-09T22:30:00,18324,1,2026-10-10T21:51:29Z
2026-10-09T22:45:00,18135,1,2026-10-10T21:51:29Z
2026-10-09T23:00:00,17608,1,2026-10-10T21:51:29Z
2026-10-09T23:15:00,17365,1,2026-10-10T21:51:29Z
2026-10-09T23:30:00,17306,1,2026-10-10T21:51:29Z
2026-10-09T23:45:00,17252,1,2026-10-10T21:51:29Z
2026-10-10T00:00:00,17269,1,2026-10-10T21:51:29Z
2026-10-10T00:15:00,17251,1,2026-10-10T21:51:29Z
2026-10-10T00:30:00,17235,1,2026-10-10T21:51:29Z
2026-10-10T00:45:00,16918,1,2026-10-10T21:51:29Z
2026-10-10T01:00:00,17002,1,2026-10-10T21:51:29Z
2026-10-10T01:15:00,16848,1,2026-10-10T21:51:29Z
2026-10-10T01:30:00,16965,1,2026-10-10T21:51:29Z
2026-10-10T01:45:00,17108,1,2026-10-10T21:51:29Z
2026-10-10T02:00:00,17127,1,2026-10-10T21:51:29Z
2026-10-10T02:15:00,16911,1,2026-10-10T21:51:29Z
2026-10-10T02:30:00,16880,1,2026-10-10T21:51:29Z
2026-10-10T02:45:00,17002,1,2026-10-10T21:51:29Z
2026-10-10T03:00:00,17162,1,2026-10-10T21:51:29Z
2026-10-10T03:15:00,17340,1,2026-10-10T21:51:29Z
2026-10-10T03:30:00,17255,1,2026-10-10T21:51:29Z
2026-10-10T03:45:00,17113,1,2026-10-10T21:51:29Z
2026-10-10T04:00:00,17190,1,2026-10-10T21:51:29Z
2026-10-10T04:15:00,17495,1,2026-10-10T21:51:29Z
2026-10-10T04:30:00,17591,1,2026-10-10T21:51:29Z
2026-10-10T04:45:00,17532,1,2026-10-10T21:51:29Z
2026-10-10T05:00:00,17450,1,2026-10-10T21:51:29Z
2026-10-10T05:15:00,17494,1,2026-10-10T21:51:29Z
2026-10-10T05:30:00,17798,1,2026-10-10T21:51:29Z
2026-10-10T05:45:00,17974,1,2026-10-10T21:51:29Z
2026-10-10T06:00:00,18197,1,2026-10-10T21:51:29Z
2026-10-10T06:15:00,18639,1,2026-10-10T21:51:29Z
2026-10-10T06:30:00,18767,1,2026-10-10T21:51:29Z
2026-10-10T06:45:00,18986,1,2026-10-10T21:51:29Z
2026-10-10T07:00:00,19199,1,2026-10-10T21:51:29Z
2026-10-10T07:15:00,19716,1,2026-10-10T21:51:29Z
2026-10-10T07:30:00,19891,1,2026-10-10T21:51:29Z
2026-10-10T07:45:00,19792,1,2026-10-10T21:51:29Z
2026-10-10T08:00:00,19700,1,2026-10-10T21:51:29Z
2026-10-10T08:15:00,19942,1,2026-10-10T21:51:29Z
2026-10-10T08:30:00,20049,1,2026-10-10T21:51:29Z
2026-10-10T08:45:00,19789,1,2026-10-10T21:51:29Z
2026-10-10T09:00:00,19713,1,2026-10-10T21:51:29Z
2026-10-10T09:15:00,19666,1,2026-10-10T21:51:29Z
2026-10-10T09:30:00,19580,1,2026-10-10T21:51:29Z
2026-10-10T09:45:00,19694,1,2026-10-10T21:51:29Z
2026-10-10T10:00:00,19528,1,2026-10-10T21:51:29Z
2026-10-10T10:15:00,19335,1,2026-10-10T21:51:29Z
2026-10-10T10:30:00,19273,1,2026-10-10T21:51:29Z
2026-10-10T10:45:00,19218,1,2026-10-10T21:51:29Z
2026-10-10T11:00:00,19142,1,2026-10-10T21:51:29Z
2026-10-10T11:15:00,19236,1,2026-10-10T21:51:29Z
2026-10-10T11:30:00,19160,1,2026-10-10T21:51:29Z
2026-10-10T11:45:00,19101,1,2026-10-10T21:51:29Z
2026-10-10T12:00:00,18882,1,2026-10-10T21:51:29Z
2026-10-10T12:15:00,18954,1,2026-10-10T21:51:29Z
2026-10-10T12:30:00,18758,1,2026-10-10T21:51:29Z
2026-10-10T12:45:00,18665,1,2026-10-10T21:51:29Z
2026-10-10T13:00:00,18245,1,2026-10-10T21:51:29Z
2026-10-10T13:15:00,18324,1,2026-10-10T21:51:29Z
2026-10-10T13:30:00,18352,1,2026-10-10T21:51:29Z
2026-10-10T13:45:00,18227,1,2026-10-10T21:51:29Z
2026-10-10T14:00:00,17992,1,2026-10-10T21:51:29Z
2026-10-10T14:15:00,18011,1,2026-10-10T21:51:29Z
2026-10-10T14:30:00,17890,1,2026-10-10T21:51:29Z
2026-10-10T14:45:00,17752,1,2026-10-10T21:51:29Z
2026-10-10T15:00:00,17610,1,2026-10-10T21:51:29Z
2026-10-10T15:15:00,17536,1,2026-10-10T21:51:29Z
2026-10-10T15:30:00,17797,1,2026-10-10T21:51:29Z
2026-10-10T15:45:00,17773,1,2026-10-10T21:51:29Z
2026-10-10T16:00:00,17773,1,2026-10-10T21:51:29Z
2026-10-10T16:15:00,17776,1,2026-10-10T21:51:29Z
2026-10-10T16:30:00,17742,1,2026-10-10T21:51:29Z
2026-10-10T16:45:00,18065,1,2026-10-10T21:51:29Z
2026-10-10T17:00:00,18228,1,2026-10-10T21:51:29Z
2026-10-10T17:15:00,18369,1,2026-10-10T21:51:29Z
2026-10-10T17:30:00,18314,1,2026-10-10T21:51:29Z
2026-10-10T17:45:00,18684,1,2026-10-10T21:51:29Z
